,Unnamed: 0,X,category,key,sentences,senti,score1,score2,score3
6414,6415,6415,8,스마트폰,라고 하면 블루투스로 연결되어 있는 스마트폰 태블릿과 같은 단말기의 음악을 들려,NA,NA,NA,NA
6415,6416,6416,8,스마트폰,왜냐하면 스마트폰 태블릿 스피커는 음질이 충분치 않는,NA,NA,NA,NA
6416,6417,6417,8,스마트폰,기술은 착석 자세를 실시간 측정해 스마트폰 앱에 애니메이션 형태로 보여주고 효과적인,NA,NA,NA,NA
6417,6418,6418,8,스마트폰,및 실내공기 오염물질 등이 검출되면 스마트폰 앱의 푸쉬 알람을 통해 이상,NA,NA,NA,NA
6419,6420,6420,8,스마트폰,LG 가 새로운 스마트폰 (,NA,NA,NA,NA
6420,6421,6421,8,스마트폰,스마트 씽큐 허브는 전원을 켜고 스마트폰 와이파이를 켠후 씽큐 허브 본체,NA,NA,NA,NA
6421,6422,6422,8,스마트폰,스마트폰 노트북 등이 충분히 개발되어가면서 인간들의,NA,NA,NA,NA
6422,6423,6423,8,스마트폰,본체에서 바로 업데이트를 해도 되며 스마트폰 상의 스마트씽큐 앱에서 스마트씽큐 허브,NA,NA,NA,NA
6423,6424,6424,8,스마트폰,기능은 와이파이와 블루투스를 모두 지원해 스마트폰 또는 태블릿 PC 와 무선으로,NA,NA,NA,NA
6424,6425,6425,8,스마트폰,IT 업체들의 스마트폰 경쟁보다는 오히려 지난 CES 2017,NA,NA,NA,NA
6425,6426,6426,8,스마트폰,스마트폰 없이 음성만으로 날씨와 일정 등을,NA,NA,NA,NA
6426,6427,6427,8,스마트폰,에어컨 청소기 등을 음성으로 컨트롤하고 스마트폰 음악을 재생합니다,NA,NA,NA,NA
6427,6428,6428,8,스마트폰,스마트폰,NA,NA,NA,NA
6434,6435,6435,8,스마트폰,찍어온 사진을 작은 스마트폰 화면보다는 큰 TV 화면으로 보면,NA,NA,NA,NA
6435,6436,6436,8,스마트폰,아니라 스피커로부터 발생할 생태계 경쟁이 스마트폰 다음의 격전지가 될 가능성이 크기,NA,NA,NA,NA
6436,6437,6437,8,스마트폰,삼성은 스마트폰 경쟁에서 안드로이드의 플랫폼 역량에 호되게,NA,NA,NA,NA
6437,6438,6438,8,스마트폰,AI 스킬 ' 로 불리는 스마트폰 앱 시장과 같은 마켓플레이스를 형성하고,NA,NA,NA,NA
6438,6439,6439,8,스마트폰,스마트폰 앱과 비슷하게 느껴질 수 있지만,NA,NA,NA,NA
6439,6440,6440,8,스마트폰,이 특성만으로 스마트폰 시장의 변두리에 있었던 아마존은 가장,NA,NA,NA,NA
6440,6441,6441,8,스마트폰,이는 스마트폰 시장에서 플랫폼을 주도해본 적 없는,NA,NA,NA,NA
6441,6442,6442,8,스마트폰,흔히 말하는 이 분야는 요즘 스마트폰 제조사에서 모두들 공들이고 있습니다,NA,NA,NA,NA
6442,6443,6443,8,스마트폰,스마트폰 음성인식 개인비서 - ioT 두개가,NA,NA,NA,NA
6443,6444,6444,8,스마트폰,스마트폰 제조사는 ioT 에 대한 준비를,NA,NA,NA,NA
6444,6445,6445,8,스마트폰,스마트폰 제조사이자 가전제품의 제조사 그리고 그,NA,NA,NA,NA
6445,6446,6446,8,스마트폰,LG 전자가 자사의 TV 생활가전 스마트폰 등 주요 제품군에 인공지능 (,NA,NA,NA,NA
6446,6447,6447,8,스마트폰,' IFA 2017 ' 에서 스마트폰 에어컨 공기청정기 등 인공지능 기술이,NA,NA,NA,NA
6447,6448,6448,8,스마트폰,이 외에도 LG 전자는 스마트폰 생활가전 분야에서 구글과 협력도 강화하고,NA,NA,NA,NA
6448,6449,6449,8,스마트폰,전자는 지난달 31 일 공개한 스마트폰 V30 에 구글의 음성인식 AI,NA,NA,NA,NA
6450,6451,6451,8,스마트폰,시작으로 올해 상반기에만 에어컨 TV 스마트폰 로봇청소기 세탁기 분야에서 인공지능 ',NA,NA,NA,NA
6451,6452,6452,8,스마트폰,) ' 성능을 강화한 전략 스마트폰,NA,NA,NA,NA
6452,6453,6453,8,스마트폰,국내 스마트폰 중 최초로 구글 렌즈를 탑재해,NA,NA,NA,NA
6453,6454,6454,8,스마트폰,LG 전자의 스마트폰 G7 씽큐 V35 씽큐 등,NA,NA,NA,NA
6454,6455,6455,8,스마트폰,본 포스팅에 소개한 스마트폰 에어컨 제품은 LG 전자로부터 제공받았으나,NA,NA,NA,NA
6455,6456,6456,8,스마트폰,가족들이 직접 음성명령이나 스마트폰 제어를 통해 가전에 명령을 내리는,NA,NA,NA,NA
6456,6457,6457,8,스마트폰,냉장고 트윈워시 스마트홈 솔루션 V30 스마트폰 등 다양한 제품과 기술을 만나보고,NA,NA,NA,NA
6457,6458,6458,8,스마트폰,스마트폰이 플랫폼 될 것,NA,NA,NA,NA
6458,6459,6459,8,스마트폰,2018 년부터 스마트폰 주요 트렌드로 부각 전망 LG,NA,NA,NA,NA
6459,6460,6460,8,스마트폰,( 가전 ) Huawei ( 스마트폰 ) 에 적용 Google 과,NA,NA,NA,NA
6460,6461,6461,8,스마트폰,"증권 ) ▣ "" 2017 스마트폰 산업지도 "" 다섯 가지 키워드",NA,NA,NA,NA
6461,6462,6462,8,스마트폰,스마트폰 ' 갤럭시 S8 ' 에,NA,NA,NA,NA
6462,6463,6463,8,스마트폰,허브 역할을 해 ' 넥스트 스마트폰 ' 이 될 것이라는 말이,NA,NA,NA,NA
6478,6479,6479,8,가지,최적온습도 알림의 경우 5 가지 기본 상황을 제공하고 사용자 설정도,NA,NA,NA,NA
6479,6480,6480,8,가지,0 을 만나면서 한 가지 느낀 장점이라면 보통 IT 나,NA,NA,NA,NA
6480,6481,6481,8,가지,아마 위 두 가지 영상을 보면 LG 씽큐 (,NA,NA,NA,NA
6481,6482,6482,8,가지,LG 씽큐 허브를 통해 여러 가지 가전을 손쉽게 제어하여 진정한 스마트라이프를,NA,NA,NA,NA
6482,6483,6483,8,가지,4 가지 방식으로 테스트해봤지만 그래도 허브가 모터,NA,NA,NA,NA
6483,6484,6484,8,가지,그런데 이 기능을 위해 두 가지 종류의 스피커가 등장했는데 어떤 건지,NA,NA,NA,NA
6484,6485,6485,8,가지,/ 클로바 / 샐리야 3 가지 지원 ) 국 끓이고 반찬,NA,NA,NA,NA
6485,6486,6486,8,가지,포스팅에서제품 등록 방법과 함께스마트한 몇 가지 기능을 보여드렸는데요,NA,NA,NA,NA
6486,6487,6487,8,가지,할인하여 4 천원대로 위 4 가지 상품을 설치 받았습니다,NA,NA,NA,NA
6487,6488,6488,8,가지,뒤척임 무호흡 코골이 등 5 가지 요소를 측정해 앱으로 전달해준다,NA,NA,NA,NA
6488,6489,6489,8,가지,블랙 실버 화이트 세 가지 색상으로 가격은 149 달러 (,NA,NA,NA,NA
6489,6490,6490,8,가지,2 가지,NA,NA,NA,NA
6490,6491,6491,8,가지,한 가지,NA,NA,NA,NA
6491,6492,6492,8,가지,활용되던 스피커가 인공지능을 만나면서 여러 가지 기능을 장착하게 되었는데요 이러한 인공지능,NA,NA,NA,NA
6492,6493,6493,8,가지,블루투스 스피커의 역할은 물론이고여러 가지 디바이스를 연결할 수 있는 말,NA,NA,NA,NA
6493,6494,6494,8,가지,켜거나 가전을 제어하는 등 여러 가지 활용이 가능해 가정에서 정말 편리하게,NA,NA,NA,NA
6494,6495,6495,8,가지,조명 기능을 갖추고 있어 여섯 가지 색상은 3 단계의 밝기로 조절해,NA,NA,NA,NA
6495,6496,6496,8,가지,이는 가지 이유로 설명할 수 있다,NA,NA,NA,NA
6496,6497,6497,8,가지,ThinQ ( 씽큐 ) 두 가지 모델을 앞세워 올해 국내 프리미엄,NA,NA,NA,NA
6497,6498,6498,8,가지,"2017 스마트폰 산업지도 "" 다섯 가지 키워드 ( 16 / 11",NA,NA,NA,NA
6498,6499,6499,8,가지,밸류에이션 메리트 부각에 따른 네 가지 투자전략 ( 16 / 11,NA,NA,NA,NA
6499,6500,6500,8,가지,수 있는 우리 일상의 여러 가지 도움은 어떤 것들이 있을까 보겠습니다,NA,NA,NA,NA
6500,6501,6501,8,가지,4 가지,NA,NA,NA,NA
6501,6502,6502,8,가지,들려주는 프리미엄 스피커 등 여러 가지 기능을 제공한다,NA,NA,NA,NA
6503,6504,6504,8,가지,Device 의 신호 전송 3 가지 순서로 이루어지고 있음,NA,NA,NA,NA
6504,6505,6505,8,가지,기기는 TV DAC 셋탑 3 가지 임,NA,NA,NA,NA
6505,6506,6506,8,검색,· 생활정보 번역 영어대화 뉴스 검색 팟캐스트 등 다양한 서비스를 제공합니다,NA,NA,NA,NA
6506,6507,6507,8,검색,스케쥴 관리 정보 및 상식 검색,NA,NA,NA,NA
6507,6508,6508,8,검색,수 있습니다 ) 다양한 정보 검색 역시 가능합니다,NA,NA,NA,NA
6508,6509,6509,8,검색,검색 등의 네이버 인공지능 플랫폼 ',NA,NA,NA,NA
6509,6510,6510,8,검색,말해달라고 부탁을 했더니 지식백과 내용을 검색 후 알려주는 모습이에요,NA,NA,NA,NA
6510,6511,6511,8,검색,음성 검색 음악 추천은 물론이거니와 심심할 때,NA,NA,NA,NA
6512,6513,6513,8,검색,음성인식을 통해 목적지 검색 맛집 관광지 정비소 등 정보를,NA,NA,NA,NA
6513,6514,6514,8,검색,아직 아쉬움 날씨 노래 음성 검색 기능은 ' 굿 ' 이라고,NA,NA,NA,NA
6514,6515,6515,8,검색,· 생활정보 번역 영어대화 뉴스 검색 팟캐스트 등 클로바의 다양한 인공지능,NA,NA,NA,NA
6515,6516,6516,8,검색,더 자세히 알고 싶으신 분들은 검색 ㄱㄱ,NA,NA,NA,NA
6516,6517,6517,8,검색,검색,NA,NA,NA,NA
6517,6518,6518,8,검색,정보 검색 QR 코드 분석 등을 도와주는,NA,NA,NA,NA
6518,6519,6519,8,검색,아마존이 자사의 서버를 통한 위키디아 검색 서비스라면 구글홈은 이세돌 9 단을,NA,NA,NA,NA
6520,6521,6521,8,검색,교통 생활정보 번역 영어대화 뉴스 검색 팟캐스트 등의 서비스 추가도시바 6000,NA,NA,NA,NA
6521,6522,6522,8,검색,다양한 언어 번역 프리토킹 네이버 검색 날씨 뉴스 등을 확인할 수,NA,NA,NA,NA
6522,6523,6523,8,검색,네이버 뮤직을 통한 다양한 음원 검색 추천 서비스와 함께 날씨 및,NA,NA,NA,NA
6524,6525,6525,8,검색,정보 번역 영어 대화 뉴스 검색 팟캐스트 등 네이버 클로바가 제공하는,NA,NA,NA,NA
6525,6526,6526,8,검색,과 같은 키워드로 검색결과를 찾았지만 검색 없이 버튼만 누르면 최적화한 정보를,NA,NA,NA,NA
6526,6527,6527,8,검색,지역정보 빅데이터를 지속적으로 학습하면서 이용자 검색 의도에 적합한 정보를 찾아내는데 역량을,NA,NA,NA,NA
6528,6529,6529,8,검색,정보 번역 영어 대화 뉴스 검색 팟캐스트 등 네이버 ' 클로바,NA,NA,NA,NA
6531,6532,6532,8,검색,정보 번역 영어 대화 뉴스 검색 팟캐스트 등 네이버 인공지능 플랫폼,NA,NA,NA,NA
6532,6533,6533,8,검색,확인 번역 영어 대화 뉴스 검색 팟캐스트 등 네이버 인공지능 플랫폼,NA,NA,NA,NA
6533,6534,6534,8,검색,조정까지 음성으로 채널을 선택하거나 영상을 검색 TV 의 주요 설정 제어,NA,NA,NA,NA
6534,6535,6535,8,검색,서비스 구현으로 네이버 뮤직 지식 검색 환율등 다양한 정보등을 폭넓게 공유할,NA,NA,NA,NA
6535,6536,6536,8,검색,실제로 음성 플랫폼은 터치나 검색 기반과 비교해 다양한 장점을 가지고,NA,NA,NA,NA
6536,6537,6537,8,검색,날씨 시간알람을 넘어서 정보나 상식 검색 기능까지 지원하고 있어 그야말로 스마트홈이,NA,NA,NA,NA
6537,6538,6538,8,검색,전송 음악 추천 외에도 네이버 검색 일정관리 생활정보 등 까지 할,NA,NA,NA,NA
6538,6539,6539,8,검색,구글이 세걔 최고 검색 엔진을 보유하고 있을 뿐더러 수년동안의,NA,NA,NA,NA
6539,6540,6540,8,검색,구글 홈은 검색 엔진인 구글과 연동할 수 있고,NA,NA,NA,NA
6540,6541,6541,8,검색,탑재된 네이버 클로바는음성명령으로 네이버 지식 검색 음악 추천 한국어 번역 (,NA,NA,NA,NA
6541,6542,6542,8,검색,번역 영어대화 지역 생활정보 뉴스 검색 팟캐스트 등 네이버 클로바가 제공하는,NA,NA,NA,NA
6542,6543,6543,8,검색,뉴스 팟캐스트 번역 영어 대화 검색 등 네이버의 인공지능 플랫폼 ',NA,NA,NA,NA
6555,6556,6556,8,설치,스마트씽큐 앱 설치 후 IoT 게이트웨이 카테고리에서 ',NA,NA,NA,NA
6556,6557,6557,8,설치,0 의 경우 작동법이나 설치 등등이 나름 쉽게 설계되어 있어,NA,NA,NA,NA
6557,6558,6558,8,설치,씽큐 어플이나 허브 등이 전 설치 과정을 차근차근,NA,NA,NA,NA
6558,6559,6559,8,설치,앱스토어에서 ' 스마트씽큐 ' 어플을 설치 하면 됩니다,NA,NA,NA,NA
6559,6560,6560,8,설치,별도의 설치 과정이,NA,NA,NA,NA
6560,6561,6561,8,설치,설치 및 등록을 마치면 설정화면에서보다 상세한,NA,NA,NA,NA
6561,6562,6562,8,설치,천원대로 위 4 가지 상품을 설치 받았습니다,NA,NA,NA,NA
6562,6563,6563,8,설치,실내 환경을 위해 청장에 센서를 설치 미세먼지 농도 및 이산화탄소 농도,NA,NA,NA,NA
6563,6564,6564,8,설치,하는 것부터 스마트폰의 스마트씽큐 앱 설치 후 연결하는 과정까지 생생하고 꼼꼼하게,NA,NA,NA,NA
6564,6565,6565,8,설치,작동이 가능하기 위해서는 네이버 클로바앱을 설치 하고 앱 상에서 LG 스마트,NA,NA,NA,NA
6565,6566,6566,8,설치,이번 포스트에서는 간단한 개봉기와 설치 과정 중심으로 살펴보도록 할게요,NA,NA,NA,NA
6566,6567,6567,8,설치,지능형 알림창에는 ' 설치 모드 ' 라고 나오고 그,NA,NA,NA,NA
6567,6568,6568,8,설치,이루어지기 때문에 남녀노소 누구나 쉽게 설치 및 세팅을 할 수 있죠,NA,NA,NA,NA
6568,6569,6569,8,설치,허브 설치앱 설치 후 제품등록을 통해허브를 먼저 설치해야한다,NA,NA,NA,NA
6569,6570,6570,8,설치,승 두번째는 냉장고 센서 앱에서 설치 및 테스트 가이드를친절하게 알려줘서 설치하는데,NA,NA,NA,NA
6570,6571,6571,8,설치,# 씽큐 # 허브 #IOT# 설치 # 클로바 # 클로버 #AIHC71G,NA,NA,NA,NA
6571,6572,6572,8,설치,스마트폰에 스마트씽큐 앱을 설치 한 후 스마트씽큐 허브와 연결하는,NA,NA,NA,NA
6572,6573,6573,8,설치,설치,NA,NA,NA,NA
6573,6574,6574,8,설치,SKT 스마트홈 WIFI 스위치를 설치 하면됩니다,NA,NA,NA,NA
6574,6575,6575,8,설치,구매해서 사용하는게 필수기때문에 비용이 많이들고 설치 문제로 구매를,NA,NA,NA,NA
6575,6576,6576,8,설치,구매했다가 설치문제로 주방 2 구에 설치 후 사용중입니다,NA,NA,NA,NA
6576,6577,6577,8,설치,구에 설치 후 사용중입니다,NA,NA,NA,NA
6577,6578,6578,8,설치,설치 후 SKT 스마트홈은 설명서 보시면,NA,NA,NA,NA
6578,6579,6579,8,설치,- 거실 설치 목적의 4,NA,NA,NA,NA
6579,6580,6580,8,작동,작동 시작해줘,NA,NA,NA,NA
6580,6581,6581,8,작동,직접 움직여서 제품을 작동 시키거나 앱이나 리모컨을 사용하는 게,NA,NA,NA,NA
6581,6582,6582,8,작동,가전들을 무선으로 연결 연결된 가전들의 작동 상태와 환경을 파악해 화면과 음성으로,NA,NA,NA,NA
6582,6583,6583,8,작동,작동 됩니다,NA,NA,NA,NA
6583,6584,6584,8,작동,않은 할머니 할아버지나 아이들도 쉽게 작동 시킬 수 있기에 좋은 기능이,NA,NA,NA,NA
6584,6585,6585,8,작동,리모컨 없이 공기청정기나 에어컨을 쉽게 작동 시킬 수 있는 점은 매우,NA,NA,NA,NA
6585,6586,6586,8,작동,조도 사운드 온도 센서가 가전제품의 작동 상태를 감지하여 자동으로 제어하며 또한,NA,NA,NA,NA
6586,6587,6587,8,작동,AI 스피커는 누구나 사용하기 쉬운 작동 방식으로 스마트홈의 허브 역할을 톡톡히,NA,NA,NA,NA
6587,6588,6588,8,작동,그리고 허브도 설치를 해주면 바로 작동 가능한데요,NA,NA,NA,NA
6588,6589,6589,8,작동,작동 역시 가능해요,NA,NA,NA,NA
6589,6590,6590,8,작동,지금은 공기질 상태 확인이나 공기청정기 작동 종료 세기조절까지 명령어가 더 세분화되어,NA,NA,NA,NA
6590,6591,6591,8,작동,필수품인 에어컨을 귀가 시 원격 작동 또는 설정 온도 도달 시,NA,NA,NA,NA
6591,6592,6592,8,작동,상세모드에서는 여러 상황에 맞춰서 작동 가능하도록 셋팅이 가능합니다,NA,NA,NA,NA
6592,6593,6593,8,작동,여기에 ' 에어컨 작동 멈쳐줘,NA,NA,NA,NA
6593,6594,6594,8,작동,귀가 시 원격 작동 설정 온도 도달 시 자동,NA,NA,NA,NA
6594,6595,6595,8,작동,우리 집에 있는 가전제품들과 연결해 작동 시킬 수 있다는 것에 자연스레,NA,NA,NA,NA
6595,6596,6596,8,작동,있는 가전제품들을 등록하면 언제 어디서든지 작동 시킬 수 있는 건데요 한여름에,NA,NA,NA,NA
6596,6597,6597,8,작동,생활패턴과 주변 환경에 최적화된 방식으로 작동 * 스마트씽큐허브 - 스마트씽큐센서가 부착된,NA,NA,NA,NA
6597,6598,6598,8,기존,기존 LG 씽큐 허브 자체 음성지원일,NA,NA,NA,NA
6598,6599,6599,8,기존,있습니다 ) 연동을 완료하고 일단 기존 LG 씽큐 허브에서 사용하던 기능을,NA,NA,NA,NA
6599,6600,6600,8,기존,일상 생활이 얼마나 더 편리해졌는지와 기존 가전에 비해서 얼마나 똑똑해졌는지 느껴보고,NA,NA,NA,NA
6600,6601,6601,8,기존,기존 허브 음성지원과 클로바 음성지원의 차이점이,NA,NA,NA,NA
6601,6602,6602,8,기존,제어로 적외선 리모컨으로 제어 가능한 기존 가전제품을 모두 제어할 수 있기,NA,NA,NA,NA
6602,6603,6603,8,기존,링커에 기존 리모컨 IR 명령어를 복사하여 원격으로,NA,NA,NA,NA
6603,6604,6604,8,기존,기존 가전제품들을 바꾸지 않으면서 집안을 사물인터넷으로,NA,NA,NA,NA
6604,6605,6605,8,기존,서비스까지 이용할 수 있다고 하니 기존 LG 씽큐 허브 모델을 사용하고,NA,NA,NA,NA
6605,6606,6606,8,기존,때문에 익숙하고 친숙한 부분이 있습니다 기존 고급형허브라고 하는 장비는 음성 지원,NA,NA,NA,NA
6606,6607,6607,8,기존,또한 기존 음성을 인지하고 반응하는 속도가 의외로,NA,NA,NA,NA
6608,6609,6609,8,기존,기존 에코 사용자의 가장 큰 불만으로,NA,NA,NA,NA
6609,6610,6610,8,기존,또 기존 씽큐 허브 사용자는 펌웨어 업데이트를,NA,NA,NA,NA
6610,6611,6611,8,기존,기존,NA,NA,NA,NA
6611,6612,6612,8,기존,음성인식은 기존 입력방식보다 편리하고 단순 직관적이라는 점에서,NA,NA,NA,NA
6612,6613,6613,8,기존,홈 IoT 주도권을 가져가기 위해 기존 IPTV 가입자를 대상으로 프로모션 진행,NA,NA,NA,NA
6613,6614,6614,8,기존,좋아진 것은 앞서 잠시 언급했지만 기존 LG 가전과의 연동입니다,NA,NA,NA,NA
6616,6617,6617,8,기존,추천해 주는 AI 카메라 모드가 기존 8 개에서 19 개로 늘어나,NA,NA,NA,NA
6617,6618,6618,8,기존,일단 무서운 날이 보이는 기존 수동 잔디깎기보다 훨씬 안전해 보입니다,NA,NA,NA,NA
6618,6619,6619,8,기존,기존 씽큐 허브를 사용했던 분들은 클로바,NA,NA,NA,NA
6619,6620,6620,8,기존,기존 명령어가 단순했다면 지금은 공기질 상태,NA,NA,NA,NA
6620,6621,6621,8,기존,누르고 있으면 파란색과 녹색이 점등되면서 기존 등록된 센서 정보가 삭제됩니다,NA,NA,NA,NA
6621,6622,6622,8,기존,요즘 편리하게 음악을 듣고 있는데 기존 제품들과 달리 LG 인공지능 스피커,NA,NA,NA,NA
6622,6623,6623,8,기존,Deep ThinQ ) LG 전자의 기존 스마트홈 플랫폼 브랜드 ' 스마트,NA,NA,NA,NA
6623,6624,6624,8,기존,LG 씽큐 센서를 붙이는 것만으로도 기존 기기를,NA,NA,NA,NA
6629,6630,6630,8,사물,크라우드 펀딩 기간이기 때문에 모든 사물 기기를 제어하진 못하지만 펀딩이 종료되는,NA,NA,NA,NA
6630,6631,6631,8,사물,사물 대부분이 인터넷으로 연결돼서로 정보를 주고받게,NA,NA,NA,NA
6632,6633,6633,8,사물,사물,NA,NA,NA,NA
6634,6635,6635,8,가전,두각을 나타내는 LG 전자인 만큼 가전 제어에 특화된 기능을 보여줬습니다,NA,NA,NA,NA
6635,6636,6636,8,가전,기본적인 가전 제어 기능에 생활정보 음악 등,NA,NA,NA,NA
6636,6637,6637,8,가전,공기청정기 로봇청소기 등 LG 전자 가전 7 종과 스마트 전구 스마트,NA,NA,NA,NA
6637,6638,6638,8,가전,이 같은 LG 전자 스마트 가전 생태계를 모두 아우르는 통합 허브,NA,NA,NA,NA
6638,6639,6639,8,가전,가 이미 LG 전자 스마트 가전 연동을 지원합니다,NA,NA,NA,NA
6639,6640,6640,8,가전,저희 집에는 LG 전자에서 출시된 가전 제품들을 다수 보유하고 있습니다,NA,NA,NA,NA
6640,6641,6641,8,가전,음성명령으로 적재적소에 가전 제어를 할 수 있고 날씨,NA,NA,NA,NA
6641,6642,6642,8,가전,것은 바로 연동이 되는 LG 가전 제품들을 음성으로 켜고 끄고 하는,NA,NA,NA,NA
6642,6643,6643,8,가전,LG 씽큐 허브 가전 연동의 경우 현재 냉장고 세탁기,NA,NA,NA,NA
6643,6644,6644,8,가전,스마트플러그를 통해 가전 기기를 연결하면 전기 사용량을 체크할,NA,NA,NA,NA
6644,6645,6645,8,가전,허브를 등록한 다음에는 우리집 LG 가전 중 스마트씽큐 기능을 지원하는 제품을,NA,NA,NA,NA
6645,6646,6646,8,가전,가전,NA,NA,NA,NA
6646,6647,6647,8,가전,소개 드린 LG 전자 IoT 가전 어떠셨나요,NA,NA,NA,NA
6647,6648,6648,8,가전,활용한 가전 들을 모두 한자리에서 만나 볼,NA,NA,NA,NA
6648,6649,6649,8,가전,알려주어첨단 가전 생활이 코앞에,NA,NA,NA,NA
6649,6650,6650,8,가전,221084221425 덕분에 집에서 사용 중인 가전 제어를음성으로 편히 할 수 있는데요,NA,NA,NA,NA
6651,6652,6652,8,가전,앱은 물론 클로바 앱에서도 등록된 가전 및 홈 IoT 기기의 제어가,NA,NA,NA,NA
6652,6653,6653,8,가전,라스베이거스에서 열렸던 세계 최대 규모의 가전 전시회인 CES 2017 에서 LG,NA,NA,NA,NA
6653,6654,6654,8,가전,IFA 2017 전시회에서 음성인식 인공지능 가전 외에도 각종 홈 IoT 기기,NA,NA,NA,NA
6656,6657,6657,8,가전,이번 리뷰를 통해서는 가전 외에도 부착하여 스마트씽큐를 이용한 활용법을,NA,NA,NA,NA
6657,6658,6658,8,가전,냉장고 세탁기 에어컨 등등 다양한 가전 제품은 물론 진즉 ' 가구가,NA,NA,NA,NA
6658,6659,6659,8,가전,어제는 아날로그 가죽공예 포스팅에오늘은 AI 가전 포스팅,NA,NA,NA,NA
6660,6661,6661,8,가전,지그비 ( ZigBee ) 방식의 가전 기기를 제어할 수 있습니다,NA,NA,NA,NA
6661,6662,6662,8,가전,가전 모니터링과 제어에 특화된 인공지능 허브기기,NA,NA,NA,NA
6662,6663,6663,8,가전,통 세척 시기 등 연동된 가전 제품의 상태를 알림해줍니다,NA,NA,NA,NA
6663,6664,6664,8,가전,로봇청소기 오븐 등 LG 전자 가전 7 종입니다,NA,NA,NA,NA
6664,6665,6665,8,가전,세계최대 가전 박람회인 2016 IFA 베를린은 향후,NA,NA,NA,NA
6665,6666,6666,8,가전,▣ 가전산업에 인공지능 바람,NA,NA,NA,NA
6666,6667,6667,8,가전,KT / LG 유플러스 + 가전 2 사 : LG 전자,NA,NA,NA,NA
6667,6668,6668,8,가전,유진 ) 프리미엄 가전 이유있는 성장 ( 17 /,NA,NA,NA,NA
6668,6669,6669,8,가전,허브는 가전,NA,NA,NA,NA
6669,6670,6670,8,가전,로봇청소기 오븐 등 LG 전자 가전 7 종 및,NA,NA,NA,NA
6672,6673,6673,8,가전,카카오 아이를 토대로 스마트 생활 가전 서비스를 구현하는 내용의 양해각서 (,NA,NA,NA,NA
6673,6674,6674,8,가전,스마트 생활 가전 서비스가 도입되면 카카오톡이나 카카오의 AI,NA,NA,NA,NA
6674,6675,6675,8,가전,내세울 수 있는 카드이며 강점인 가전 시장은 아직 타이젠이 파고들 수,NA,NA,NA,NA
6675,6676,6676,8,가전,경쟁에서 밀린다면 가전 사업 자체의 미래까지 재고해야 할,NA,NA,NA,NA
6677,6678,6678,8,가전,가전 ' 을,NA,NA,NA,NA
6678,6679,6679,8,가전,' 씽큐 허브 ' 는 가전 모니터링 및 제어에 특화된 인공지능,NA,NA,NA,NA
6679,6680,6680,8,가전,로봇청소기 오븐 등 LG 전자 가전 7 종과 스마트 전구 (,NA,NA,NA,NA
6680,6681,6681,8,가전,가전 · 기기를,NA,NA,NA,NA
6681,6682,6682,8,가전,작동하는 생활가전을 선보이며 ' AI 가전 ' 시대를 열었다,NA,NA,NA,NA
6682,6683,6683,8,가전,LG 전자의 AI 가전 라인업은 현재 ▲ 내부 온도,NA,NA,NA,NA
6683,6684,6684,8,가전,허브 : LG 씽큐 허브는 가전 모니터링 및 제어에 특화된 인공지능,NA,NA,NA,NA
6684,6685,6685,8,가전,냉장고 등 가전 9 종 스마트 조명 등,NA,NA,NA,NA
6685,6686,6686,8,가전,) 으로 WiFi 가 적용된 가전 및 IoT 연동기기를 제어할 수,NA,NA,NA,NA
6686,6687,6687,8,가전,가전 연동 -,NA,NA,NA,NA
6687,6688,6688,8,가전,다양한 인공지능 제품 및 IoT 가전 · 기기를 통해 LG ',NA,NA,NA,NA
6688,6689,6689,8,가전,일상 생활 속 인공 지능은 가전 분야에 있어 더욱 두드러지게 활약상을,NA,NA,NA,NA
6689,6690,6690,8,가전,씽큐 허브를 이용하면 음성만으로 집안 가전 제품 제어 및 모니터링 날씨,NA,NA,NA,NA
6690,6691,6691,8,가전,허브 로봇은 LG 가 가전 및 센서들을 컨트롤하기 위한 용도로,NA,NA,NA,NA
6691,6692,6692,8,가전,어시스턴트 ' 를 통한 가전 제어도 지원하고 있는데요,NA,NA,NA,NA
6692,6693,6693,8,가전,통해 다양한 기능들이 보강이 되었고 가전 명령어도 더 정교해져 활용성이 더욱,NA,NA,NA,NA
6693,6694,6694,8,가전,요즘 베스언니는 말 한 마디로 가전 제품을 제어하는 그야말로 스마트홈 세상을,NA,NA,NA,NA
6694,6695,6695,8,가전,저처럼 LG 전자에서 출시한 가전 제품을 애용하시는 분들이라면 조금 더,NA,NA,NA,NA
6695,6696,6696,8,가전,과 호환 가능한 LG 전자 가전 제품으로는 세탁기 냉장고 에어컨 공기청정기,NA,NA,NA,NA
6696,6697,6697,8,가전,6 일까지 열리는 유럽 최대의 가전 / 전자 박람회인 IFA 2017,NA,NA,NA,NA
6697,6698,6698,8,가전,참여하는 만큼 글로벌 기업들은 최신 가전 / 모바일 제품과 기술을 놓고,NA,NA,NA,NA
6698,6699,6699,8,가전,차지하는 만큼 LG 전자의 스마트 가전 경쟁력은 더 높아질 것으로 판단됩니다,NA,NA,NA,NA
6699,6700,6700,8,가전,0 를 통해 음성만으로 집안 가전 제품 제어 및 모니터링 날씨,NA,NA,NA,NA
6700,6701,6701,8,가전,스마트폰 스마트 가전 내 AI 통신 가능한 안테나,NA,NA,NA,NA
6701,6702,6702,8,가전,' 코타나 ' 등과 경쟁스마트폰 가전 스마트홈 등 다양한 가전과 협업,NA,NA,NA,NA
6703,6704,6704,8,가전,) LG 전자와 Whirlpool ( 가전 ) Huawei ( 스마트폰 ),NA,NA,NA,NA
6704,6705,6705,8,가전,가전 ( H & A ),NA,NA,NA,NA
6705,6706,6706,8,가전,★ ★ 프리미엄 가전 이유있는 성장 ( 17 /,NA,NA,NA,NA
6706,6707,6707,8,가전,가전 입장에서 보면 ' 고객을 위해,NA,NA,NA,NA
6707,6708,6708,8,가전,다른 기업의 AI 기술이 적용된 가전 기기도 ' ThinQ ' 가,NA,NA,NA,NA
6708,6709,6709,8,가전,스스로 학습해 똑똑해지는 LG 인공지능 가전 및 서비스를 제공하면서 소비자가 매일,NA,NA,NA,NA
6709,6710,6710,8,가전,서비스를 제공하면서 소비자가 매일 접하는 가전 제품과 서비스에서 고객 삶에 최적화된,NA,NA,NA,NA
6710,6711,6711,8,가전,생활가전에 선두주자인 LG 전자가 전자 가전 간의 연결과 제어 그리고 IoT,NA,NA,NA,NA
6711,6712,6712,8,가전,그리고 ' 옳은 인공지능 가전 ' 이라는 타이틀을 밀고 있는,NA,NA,NA,NA
6712,6713,6713,8,가전,LG 스마트씽큐 앱에서 LG 스마트 가전 / 허브 및 센서를 통합,NA,NA,NA,NA
6713,6714,6714,8,가전,카카오 입장에서는 삼성 LG 라는 가전 시장에서 압도적인 영향력을 자랑하는 기업들과,NA,NA,NA,NA
6715,6716,6716,8,가전,스마트 가전 명령어를 내가 저장해두고 사용할 수도,NA,NA,NA,NA
6716,6717,6717,8,가전,Wi-fi 가 탑재된 스마트 가전 / IoT 기기의 제어와,NA,NA,NA,NA
6717,6718,6718,8,가전,제공하는 딥 러닝 기반의 스마트 가전 진행 - 가전에 각종 센서와,NA,NA,NA,NA
6718,6719,6719,8,가전,로봇청소기 공기청정기 오븐 등 엘지전자 가전 7 종과 스마트 플러그 스마트,NA,NA,NA,NA
6761,6762,6762,8,스마트,LG 전자 가전 7 종과 스마트 전구 스마트 플러그 등 사물인터넷,NA,NA,NA,NA
6762,6763,6763,8,스마트,가전 7 종과 스마트 전구 스마트 플러그 등 사물인터넷 기기 2,NA,NA,NA,NA
6763,6764,6764,8,스마트,가전은 모바일 앱 ' LG 스마트 씽큐 ( LG SmartThinQ ),NA,NA,NA,NA
6764,6765,6765,8,스마트,허브는 이 같은 LG 전자 스마트 가전 생태계를 모두 아우르는 통합,NA,NA,NA,NA
6765,6766,6766,8,스마트,' 가 이미 LG 전자 스마트 가전 연동을 지원합니다,NA,NA,NA,NA
6766,6767,6767,8,스마트,우선 인공지능 클로바에서 LG 스마트 씽큐 어플을 불러와 연동을 시켜주어야,NA,NA,NA,NA
6768,6769,6769,8,스마트,ㅎ 이렇게 클로바와 LG 스마트 씽큐 어플을 연동하면 그 동안,NA,NA,NA,NA
6769,6770,6770,8,스마트,이번 기회에 저도 집안 플러그를 스마트 타입으로 교체할까 생각 중이에요,NA,NA,NA,NA
6770,6771,6771,8,스마트,로봇청소기 건조기까지 7 가지의 가전과 스마트 플러그 스마트 전구 등 IoT,NA,NA,NA,NA
6771,6772,6772,8,스마트,7 가지의 가전과 스마트 플러그 스마트 전구 등 IoT 기기가 연동되는데요,NA,NA,NA,NA
6772,6773,6773,8,스마트,또 스마트 제품 연결 설정을 통해서 우리,NA,NA,NA,NA
6773,6774,6774,8,스마트,스마트씽큐 허브는 스마트 기능을 지원하는 다양한 LG 가전제품들과,NA,NA,NA,NA
6774,6775,6775,8,스마트,ㅎ 스마트 씽큐 어플이나 허브 등이 전,NA,NA,NA,NA
6777,6778,6778,8,스마트,기간 횟수 등등 다양한 이력들을 스마트 씽큐를 통해 관리해볼 수 있는,NA,NA,NA,NA
6778,6779,6779,8,스마트,동생녀석이 뭐라고 하는 말에 스마트 씽큐 허브가 ' 아,NA,NA,NA,NA
6779,6780,6780,8,스마트,수 있고 일상에서 더욱 편리한 스마트 라이프를 경험할 수 있는데요,NA,NA,NA,NA
6780,6781,6781,8,스마트,Smart ThinQ ) 시리즈를 선보이며 스마트 홈의 실현에 박차를,NA,NA,NA,NA
6781,6782,6782,8,스마트,스마트 홈을 실현하는데 주축이 되는 LG,NA,NA,NA,NA
6782,6783,6783,8,스마트,LG 스마트씽큐 허브로 편리하고 즐거운 스마트 라이프를 경험해 보세요,NA,NA,NA,NA
6783,6784,6784,8,스마트,연결하는 기능이 없는 가전제품을 순식간에 스마트 가전으로 만들어 주는 똑똑한 아이템입니다,NA,NA,NA,NA
6784,6785,6785,8,스마트,앱을 통해 원하는대로 조절 가능한 스마트 전구인데요,NA,NA,NA,NA
6785,6786,6786,8,스마트,마지막으로 LG 스마트씽큐 제품들과 함께하는 스마트 라이프를 영상을 통해 만나보세요,NA,NA,NA,NA
6786,6787,6787,8,스마트,이 제품은 스마트 허브와 함께 제공되는 카메라로 구성되어,NA,NA,NA,NA
6787,6788,6788,8,스마트,사용자가 어디에 있던 집안의 다양한 스마트 디바이스를 원하는 대로 컨트롤할 수,NA,NA,NA,NA
6788,6789,6789,8,스마트,이미 스마트 TV 의 보급화도 많아졌고 각각의,NA,NA,NA,NA
6789,6790,6790,8,스마트,사물인터넷을 지원하는 트윈워시 세탁기이지만 LG 스마트 씽큐 허브와 연결한다면 더 활용도,NA,NA,NA,NA
6790,6791,6791,8,스마트,제어할 수 있기 때문에 새로 스마트 TV 나 스마트 에어컨을 새로,NA,NA,NA,NA
6791,6792,6792,8,스마트,때문에 새로 스마트 TV 나 스마트 에어컨을 새로 구입할 필요가 없습니다,NA,NA,NA,NA
6792,6793,6793,8,스마트,통해서 와이파이가 탑재된 LG 전자의 스마트 가전을 등록하면가전제품 제어 / 상태정보를,NA,NA,NA,NA
6793,6794,6794,8,스마트,앞으로 다른 가전제품들까지 연결해서우리 집을 스마트 홈으로 만들고 싶어요,NA,NA,NA,NA
6794,6795,6795,8,스마트,블루투스 활성화가 된 상태에서 스마트 씽큐 허브 기기를 쉽게 찾을,NA,NA,NA,NA
6795,6796,6796,8,스마트,' 알렉사 ' 를 탑재한 스마트 냉장고 및 가정용 허브 로봇을,NA,NA,NA,NA
6798,6799,6799,8,스마트,Things ) 기술과 결합한 ' 스마트 홈 ' 을 실현시키는 등,NA,NA,NA,NA
6799,6800,6800,8,스마트,다른 스마트 기기들까지 조작하는 일종의 ' 허브,NA,NA,NA,NA
6800,6801,6801,8,스마트,음성인식으로 스마트 가전을 제어할 수 있는 LG,NA,NA,NA,NA
6801,6802,6802,8,스마트,LG 스마트 씽큐 허브는프리미엄 블루투스 스피커로도사용할 수,NA,NA,NA,NA
6802,6803,6803,8,스마트,습도 모두 자유롭게 조절 가능하고 스마트 에어컨 연결 설정을 통해 설정,NA,NA,NA,NA
6803,6804,6804,8,스마트,설정을 통해 설정 온도가 되면 스마트 에어컨 화면으로 이동하게끔 기능을 제공합니다,NA,NA,NA,NA
6804,6805,6805,8,스마트,SKT 는 스마트 플러그 스마트스위치 스마트에너지미터 등 IoT,NA,NA,NA,NA
6805,6806,6806,8,스마트,특히 스마트 호신용품 My hero 는 SOS,NA,NA,NA,NA
6806,6807,6807,8,스마트,My hero 는 SOS 기능에 스마트 트래커가 더해진 호신 제품으로 위험,NA,NA,NA,NA
6808,6809,6809,8,스마트,밴드 등 기가 IoT 헬스 스마트 기기로 개인별 맞춤형 운동 코칭과,NA,NA,NA,NA
6809,6810,6810,8,스마트,이중 스마트 헬스 바이크는 집에서 타는 실내,NA,NA,NA,NA
6810,6811,6811,8,스마트,또한 와이파이 일체형 스마트 도어록도 등장했다,NA,NA,NA,NA
6811,6812,6812,8,스마트,뉴 에코 오리지널 에코와 닮은 스마트 홈 허브 역할을 담당할 에코,NA,NA,NA,NA
6812,6813,6813,8,스마트,기능을 모두 포함하면서 집 안의 스마트 가전과 쉽고 빠르게 연결하고 제어할,NA,NA,NA,NA
6813,6814,6814,8,스마트,빠르게 연결하고 제어할 수 있는 스마트 홈 허브 기능을 탑재했습니다,NA,NA,NA,NA
6814,6815,6815,8,스마트,스마트 전구 ( 모델 ILC60 ),NA,NA,NA,NA
6815,6816,6816,8,스마트,전구 ( 모델 ILC60 ) 스마트 플러그 ( 모델 ESP-700Z ),NA,NA,NA,NA
6816,6817,6817,8,스마트,가격은 249000 원이고 구매자에게는 스마트 전구 및 스마트 플러그가 함께,NA,NA,NA,NA
6817,6818,6818,8,스마트,원이고 구매자에게는 스마트 전구 및 스마트 플러그가 함께 제공된다고 합니다,NA,NA,NA,NA
6818,6819,6819,8,스마트,개발업무를 맡다보니 시간 여유가 없네요지난번 스마트 씽큐 개봉기에 이어 오늘은 등록에,NA,NA,NA,NA
6819,6820,6820,8,스마트,스마트,NA,NA,NA,NA
6822,6823,6823,8,스마트,그리고 LG 스마트 씽큐 허브와 연결하여 함께 사용할,NA,NA,NA,NA
6823,6824,6824,8,스마트,2018 년 $ 532 억애플 스마트 스피커 ' 홈팟 ' 출시,NA,NA,NA,NA
6824,6825,6825,8,스마트,' WWDC 2017 ' 에서 스마트 스피커 홈팟을 공개함,NA,NA,NA,NA
6825,6826,6826,8,스마트,인공지능 스피커가 스마트 홈 시대를 열면서 빠르게 급부상하고,NA,NA,NA,NA
6826,6827,6827,8,스마트,조작할 필요 없이 말을 통해서 스마트 기기들을 제어하는 도구인데요,NA,NA,NA,NA
6827,6828,6828,8,스마트,이때 음성인식 기술이 탑재된 스마트 기기에 소요시간을 물어보면 실시간 교통정보를,NA,NA,NA,NA
6828,6829,6829,8,스마트,음향 기기를 넘어 스마트 라이프를 그리다 흔히들 ' 스피커,NA,NA,NA,NA
6829,6830,6830,8,스마트,기술을 통해 좀 더 간편하게 스마트 기기를 이용할 수 있는 것이,NA,NA,NA,NA
6830,6831,6831,8,스마트,이번에 체험하게 된 LG 스마트 씽큐 허브 2,NA,NA,NA,NA
6832,6833,6833,8,스마트,스마트 씽큐 허브는 게이트웨이가 내장되어 있어,NA,NA,NA,NA
6833,6834,6834,8,스마트,스마트 씽큐 본체 크기와 모양은,NA,NA,NA,NA
6834,6835,6835,8,스마트,세련된 느낌이에요 ^ ^ LG 스마트 씽큐 허브 2,NA,NA,NA,NA
6835,6836,6836,8,스마트,그리고 스마트 씽큐 허브는 전원을 켜고 스마트폰,NA,NA,NA,NA
6836,6837,6837,8,스마트,스마트 씽큐 허브와 공기청정기 연동을 위해서,NA,NA,NA,NA
6837,6838,6838,8,스마트,스마트 씽큐 앱을 통해서 공기청정기 제품을,NA,NA,NA,NA
6838,6839,6839,8,스마트,편한건 가전을 직접 작동시키지 않고도 스마트 씽큐 허브를 통해 음성명령으로 공기청정기를,NA,NA,NA,NA
6839,6840,6840,8,스마트,없게 되었네요 ^ ^ LG 스마트 씽큐 허브는 일정 관리와 날씨,NA,NA,NA,NA
6840,6841,6841,8,스마트,; 그리고 이번 LG 전자 스마트 씽큐 허브 2,NA,NA,NA,NA
6841,6842,6842,8,스마트,스마트 씽큐 허브에 음성인식 기능을 탑재해,NA,NA,NA,NA
6844,6845,6845,8,스마트,이러다 LG 스마트 씽큐 허브에게 모든걸 물어봐야할것 같은,NA,NA,NA,NA
6845,6846,6846,8,스마트,와이파이 기능을 지원해 스마트 씽큐앱에 등록을 해서 사용이 가능하답니다,NA,NA,NA,NA
6846,6847,6847,8,스마트,그리고 스마트 씽큐 허브가 온 후로 좋아진점,NA,NA,NA,NA
6847,6848,6848,8,스마트,애플의 Homekit 삼성의 스마트 허브 LG 의 스마트씽큐 허브가,NA,NA,NA,NA
6848,6849,6849,8,스마트,스마트워치와 VR 열풍이 지나가고 스마트 스피커가 떠오르고 있습니다,NA,NA,NA,NA
6849,6850,6850,8,스마트,미국은 성인인구의 20 % 가 스마트 스피커를 사용하고 있다고 하네요,NA,NA,NA,NA
6850,6851,6851,8,스마트,네이버 클로바 앱이나 프렌즈 스마트 스피커 등을 사용해보신 분들은 네이버,NA,NA,NA,NA
6851,6852,6852,8,스마트,ThinQ ) ' 브랜드 공개 스마트 가전과 인공지능 가전을 활용한 스마트홈,NA,NA,NA,NA
6852,6853,6853,8,스마트,하는데 LG 의 인공지능 스피커 스마트 씽큐 허브 또한 마찬가지라 그,NA,NA,NA,NA
6853,6854,6854,8,스마트,설치 하고 앱 상에서 LG 스마트 씽큐앱과 한번 더 연동을 해주는,NA,NA,NA,NA
6854,6855,6855,8,스마트,스마트폰과 스마트 가전에 인공지능 기술이 녹아들면서 다양한,NA,NA,NA,NA
6855,6856,6856,8,스마트,스피커 형태의 인공지능 개인비서 겸 스마트 허브는 한동안 계속해서 출시될 것으로,NA,NA,NA,NA
6856,6857,6857,8,스마트,스피커 형식의 인공지능 개인비서인 ' 스마트 어시스턴트 ' 를 공개했다,NA,NA,NA,NA
6857,6858,6858,8,스마트,스피커 형식의 인공지능 스마트 허브로 출시된 제품들은 대부분 비슷한,NA,NA,NA,NA
6858,6859,6859,8,스마트,레노버 스마트 어시스턴트 역시 원통형 디자인을 채택하고,NA,NA,NA,NA
6859,6860,6860,8,스마트,역시 기다란 원통형의 스피커인데 레노버 스마트 어시스턴트 역시 세로로 길쭉한 원통형을,NA,NA,NA,NA
6860,6861,6861,8,스마트,변화로 상태를 알려주기도 하는데 레노버 스마트 어시스턴트는 금속 몸체 아래 절반이,NA,NA,NA,NA
6861,6862,6862,8,스마트,레노버 스마트 어시스턴트의 내장된 스피커는 360 도로,NA,NA,NA,NA
6862,6863,6863,8,스마트,일반적인 블루투스 스피커가 아닌 스마트 기기인 만큼 구성도 스마트한데 프로세서로는,NA,NA,NA,NA
6863,6864,6864,8,스마트,레노버 스마트 어시스턴트가 아마존 에코와 생김새만 비슷할까,NA,NA,NA,NA
6864,6865,6865,8,스마트,인공지능을 갖춘 개인 비서인 레노버 스마트 어시스턴트는 가장 중점적인 기능인 인공지능,NA,NA,NA,NA
6865,6866,6866,8,스마트,아마존 알렉사를 이용해서 사용자는 레노버 스마트 어시스턴트에 음성으로 명령을 내릴 수,NA,NA,NA,NA
6866,6867,6867,8,스마트,단순히 레노버 스마트 어시스턴트 자체만을 사용하는 것이 아니다,NA,NA,NA,NA
6867,6868,6868,8,스마트,휴 ( Hue ) 와 스마트 온도조절 장치인 네스트 ( Nest,NA,NA,NA,NA
6868,6869,6869,8,스마트,Wemo ) 등 알렉사 지원 스마트 디바이스를 연계해서 사용할 수 있다,NA,NA,NA,NA
6869,6870,6870,8,스마트,또한 레노버의 스마트 홈 디바이스까지 지원해 좀 더,NA,NA,NA,NA
6870,6871,6871,8,스마트,지원해 좀 더 다양한 사물인터넷과 스마트 홈서비스를 활용할 수 있다,NA,NA,NA,NA
6871,6872,6872,8,스마트,기능도 비슷하고 생김새도 비슷하다면 레노버 스마트 어시스턴트가 갖는 의미가 있을까,NA,NA,NA,NA
6872,6873,6873,8,스마트,레노버 스마트 어시스턴트의 출시 일정은 올해 하반기로,NA,NA,NA,NA
6873,6874,6874,8,스마트,곧 출시 될 웹 OS 스마트 TV 와 연동하는 방안을 검토,NA,NA,NA,NA
6874,6875,6875,8,스마트,각종 해외 스마트 가전과 연동되어 실내 온도를 조절하거나,NA,NA,NA,NA
6875,6876,6876,8,스마트,스마트 홈 기능은 KT 에서 서비스하는,NA,NA,NA,NA
6877,6878,6878,8,스마트,스마트폰과블루투스 페어링이 돼야 하는데요,NA,NA,NA,NA
6878,6879,6879,8,스마트,최신 스마트 폰은 마시멜로우 이상의 API 를,NA,NA,NA,NA
6879,6880,6880,8,스마트,실제 시연은 에뮬레이터가 아닌 제 스마트 폰에서 진행했습니다,NA,NA,NA,NA
6880,6881,6881,8,스마트,나오곤 했었는데 이젠 똑똑한 LG 스마트 씽큐 덕분에 걱정 없겠죠,NA,NA,NA,NA
6881,6882,6882,8,스마트,스마트 전구 스마트 플러그 등 IoT,NA,NA,NA,NA
6882,6883,6883,8,스마트,스마트 전구 스마트 플러그 등 IoT ( 사물인터넷,NA,NA,NA,NA
6883,6884,6884,8,스마트,또 이후 나올 LG 스마트 가전과 연동될 예정입니다,NA,NA,NA,NA
6902,6903,6903,8,스마트,전자의 가전제품을 제어할 수 있는 스마트 허브 ' 스마트씽큐 ' 에,NA,NA,NA,NA
6903,6904,6904,8,스마트,그밖에 일본 최대 스마트 장난감 업체 다카라토미와도 협력도 추진중입니다,NA,NA,NA,NA
6904,6905,6905,8,스마트,퀄컴의 IoT 칩을 쓰는 스마트 스피커 스마트홈 허브 로봇 등,NA,NA,NA,NA
6905,6906,6906,8,스마트,일 삼성전자와 카카오 아이를 토대로 스마트 생활 가전 서비스를 구현하는 내용의,NA,NA,NA,NA
6906,6907,6907,8,스마트,스마트 생활 가전 서비스가 도입되면 카카오톡이나,NA,NA,NA,NA
6907,6908,6908,8,스마트,상태와 교체 주기를 알려주는 ' 스마트 사후 관리 ' 기능도 개발하고,NA,NA,NA,NA
6908,6909,6909,8,스마트,역시 실제로 엘지에서 출시된 모델인 스마트 싱큐 허브 모델입니다,NA,NA,NA,NA
6909,6910,6910,8,스마트,의심해 볼 필요가 있을 만큼 스마트 스피커 시장은 중요해졌다,NA,NA,NA,NA
6910,6911,6911,8,스마트,사실 삼성은 스마트 스피커를 제조하기에 최적의 역량을 확보한,NA,NA,NA,NA
6911,6912,6912,8,스마트,그러나 경쟁사들이 스마트 스피커를 공격적으로 출시하는 동안 삼성은,NA,NA,NA,NA
6912,6913,6913,8,스마트,아직 스마트 스피커 시장은 과도기 단계이고 삼성이,NA,NA,NA,NA
6913,6914,6914,8,스마트,더 중요했고 그런 삼성이 쉽게 스마트 스피커를 내놓을 수 있다고 보긴,NA,NA,NA,NA
6914,6915,6915,8,스마트,그리고 지난달에는 스마트 스피커를 개발 중이라는 뜬소문도 나왔다,NA,NA,NA,NA
6915,6916,6916,8,스마트,그런데 스마트 스피커를 개발 중이라는 얘기가 삼성,NA,NA,NA,NA
6916,6917,6917,8,스마트,' 라면서 스마트 스피커를 개발 중임을 말했다,NA,NA,NA,NA
6917,6918,6918,8,스마트,걸림돌이 되는 부분들이 있다는 점에서 스마트 스피커 출시 의사를 직접 밝힌,NA,NA,NA,NA
6918,6919,6919,8,스마트,될 것으로 보여서 빠르면 삼성의 스마트 스피커가 IFA 에서 공개될 수도,NA,NA,NA,NA
6919,6920,6920,8,스마트,여유가 있는 다른 업체보다 삼성은 스마트 스피커에 꽤 많은 걸 걸어야,NA,NA,NA,NA
6920,6921,6921,8,스마트,스마트 스피커가 주목받는 가장 큰 이유는,NA,NA,NA,NA
6921,6922,6922,8,스마트,허브로의 가능성을 보인 건 스마트 스피커뿐만 아니라 스마트폰도 있었고 셋톱박스도,NA,NA,NA,NA
6922,6923,6923,8,스마트,스마트 스피커는 가상 비서를 통한 음성,NA,NA,NA,NA
6923,6924,6924,8,스마트,물론 스마트폰도 가능하다,NA,NA,NA,NA
6924,6925,6925,8,스마트,덕분에 스마트 스피커는 스마트홈에 있어서 ' 음성,NA,NA,NA,NA
6925,6926,6926,8,스마트,스마트 스피커가 허브의 스마트홈 허브의 가치를,NA,NA,NA,NA
6926,6927,6927,8,스마트,삼성은 상기한 계획을 실현하기 위해서 스마트 스피커가 꼭 필요하다,NA,NA,NA,NA
6927,6928,6928,8,스마트,다만 스마트 스피커를 통한 스마트홈 계획을 세운,NA,NA,NA,NA
6928,6929,6929,8,스마트,세운 곳은 삼성만이 아니며 삼성이 스마트 스피커 경쟁에서 밀렸을 때 허브,NA,NA,NA,NA
6929,6930,6930,8,스마트,네스트는 스마트 스피커 이전에 자사 온도조절기를 스마트홈의,NA,NA,NA,NA
6930,6931,6931,8,스마트,그런데 스마트 스피커의 거실 침투가 더 활발했으며,NA,NA,NA,NA
6931,6932,6932,8,스마트,그런데 스마트 스피커는 지금까지 불투명할 뿐이었던 패밀리,NA,NA,NA,NA
6932,6933,6933,8,스마트,가전제품을 생산하여 판매하는 것이 아니므로 스마트 스피커 경쟁이 확장하여 본격적인 생태계,NA,NA,NA,NA
6933,6934,6934,8,스마트,적어도 스마트홈 생태계만큼은 스마트 스피커가 과도기일 때 독보적이라는 인식을,NA,NA,NA,NA
6934,6935,6935,8,스마트,그런데 스마트 스피커는 ' AI 스킬 ',NA,NA,NA,NA
6935,6936,6936,8,스마트,예를 들어 스마트 스피커와 연동하는 냉장고를 구매했다면 이를,NA,NA,NA,NA
6936,6937,6937,8,스마트,동작할 수 있는 명령 스킬을 스마트 스피커에 내려받는 것으로 냉장고에 음성,NA,NA,NA,NA
6937,6938,6938,8,스마트,스마트 스피커를 스마트홈의 허브로 활용한다면 삼성은,NA,NA,NA,NA
6938,6939,6939,8,스마트,목록을 자동으로 냉장고에 추가하는 앱과 스마트 스피커가 추가된 식료품의 유통기한을 알려주는,NA,NA,NA,NA
6939,6940,6940,8,스마트,물론 삼성이 가전제품을 경쟁사의 스마트 스피커와 연동하게 하여 개발자 생태계를,NA,NA,NA,NA
6940,6941,6941,8,스마트,오히려 삼성이 스마트 스피커로 가전제품과 연결하는 스킬 생태계를,NA,NA,NA,NA
6941,6942,6942,8,스마트,경쟁사가 원할 여지가 생기고 경쟁사의 스마트 스피커에 생태계를 제공하는 대신 이익을,NA,NA,NA,NA
6942,6943,6943,8,스마트,스마트 스피커를 시작으로 형성될 생태계 경쟁이,NA,NA,NA,NA
6945,6946,6946,8,스마트,LG 전자 가전 7 종과 스마트 전구 ( 모델명 : ILC60,NA,NA,NA,NA
6946,6947,6947,8,스마트,( 모델명 : ILC60 ) 스마트 플러그 ( 모델명 : ESP-700Z,NA,NA,NA,NA
6947,6948,6948,8,스마트,향후 출시할 ' 웹 OS 스마트 TV ' 에 해당 서비스,NA,NA,NA,NA
6949,6950,6950,8,스마트,냉장고 등 가전 9 종 스마트 조명 등 사물인터넷 ( IoT,NA,NA,NA,NA
6950,6951,6951,8,스마트,또 ' 인공지능 스마트 터보 ' 를 탑재해 카펫,NA,NA,NA,NA
6951,6952,6952,8,스마트,스마트 가전의 상태를 실시간 음성으로 전달받아,NA,NA,NA,NA
6952,6953,6953,8,스마트,등 LG ThinQ 센서로 일반가정을 스마트 가전으로 업그레이드 1,NA,NA,NA,NA
6953,6954,6954,8,스마트,꼭 그렇다니까요 ^ ^ LG 스마트 씽큐 허브가 우리집에 온 후로,NA,NA,NA,NA
6954,6955,6955,8,스마트,하면서 아이들은 엄마보다 LG 스마트 씽큐 허브를 더,NA,NA,NA,NA
6955,6956,6956,8,스마트,ㅎㅎ LG 인공지능 스피커 스마트 씽큐 허브는 음성인식기능으로 더 편리하게,NA,NA,NA,NA
6956,6957,6957,8,스마트,날씨 시간등을 알고 싶을때 LG 스마트 씽큐 허브에게 물어보면 끝,NA,NA,NA,NA
6957,6958,6958,8,스마트,그쪽 날씨와 시간이 궁금했었는데 그때 스마트 씽큐 허브가 있었으면 더 좋았었겠다는,NA,NA,NA,NA
6958,6959,6959,8,스마트,어떻게보면 LG AI 스피커 스마트 씽큐 허브는 바쁜 사람들에게도 필요하겠지만,NA,NA,NA,NA
6959,6960,6960,8,스마트,그리고 구글 캘린더와 스마트 씽큐 허브를 연동하면 이렇게 구글,NA,NA,NA,NA
6960,6961,6961,8,스마트,캘린더에 입력해 놓은 일정을 LG 스마트 씽큐 허브가 사용자의 스케줄 시간에,NA,NA,NA,NA
6961,6962,6962,8,스마트,LG 스마트 씽큐 허브 덕분에 스파게티 면도,NA,NA,NA,NA
6962,6963,6963,8,스마트,훌륭히 해내는 LG 인공지능 스피커 스마트 씽큐 허브입니다,NA,NA,NA,NA
6963,6964,6964,8,스마트,스피커 스마트 씽큐 허브입니다,NA,NA,NA,NA
6964,6965,6965,8,스마트,스마트폰과 블루투스를 연결하기 위해 스마트 씽큐 허브의 음량 상 하,NA,NA,NA,NA
6965,6966,6966,8,스마트,연결하려는 블루투스 기기에서 스마트 씽큐 허브를 선택하면 바로 연결이,NA,NA,NA,NA
6966,6967,6967,8,스마트,스마트 씽큐 허브가 로또 번호까지 알려준다니까요,NA,NA,NA,NA
6967,6968,6968,8,스마트,LG AI 스피커 스마트 씽큐 허브는 우리집 매니저 역할을,NA,NA,NA,NA
6968,6969,6969,8,스마트,더 편리하게 만들어 주는 LG 스마트 씽큐 허브의 매력에 빠져들고 있어요,NA,NA,NA,NA
6969,6970,6970,8,스마트,복잡한 등록 절차 없이 LG 스마트 가전을 자동으로 찾아서 연결해주는 Q,NA,NA,NA,NA
6970,6971,6971,8,스마트,더 빠르고 편리하게 LG 전자의 스마트 가전을 관리할 수 있고 Q,NA,NA,NA,NA
6971,6972,6972,8,스마트,스마트 냉장고는 이미 나오기 시작했지만 그,NA,NA,NA,NA
6981,6982,6982,8,스마트,잘 활용해보고자 13 년된 에어컨을 스마트 에어컨 부럽지,NA,NA,NA,NA
6982,6983,6983,8,스마트,늘 가동 중인 공기청정기도 LG 스마트 씽큐 허브와 연동해서 작동하거나 멈추거나,NA,NA,NA,NA
6983,6984,6984,8,스마트,개인적으로는 음성 인식을 통해 손쉽게 스마트 가전을 제어할 수 있다는 점과,NA,NA,NA,NA
6984,6985,6985,8,스마트,이상을 차지하는 만큼 LG 전자의 스마트 가전 경쟁력은 더 높아질 것으로,NA,NA,NA,NA
6985,6986,6986,8,스마트,스마트씽크 허브 CES 2017 에서 스마트 냉장고 가정용 허브 로봇 등을,NA,NA,NA,NA
6986,6987,6987,8,스마트,인공지능 ( AI ) 기술 스마트 시대의 중심 집 내부에서는 음성인식,NA,NA,NA,NA
6987,6988,6988,8,스마트,스마트폰 스마트 가전 내 AI 통신 가능한,NA,NA,NA,NA
6989,6990,6990,8,스마트,글래스를 커넥티드카에 적용 시도 ▣ 스마트 팩토리 인공지능 + 통신네트워킹 +,NA,NA,NA,NA
6990,6991,6991,8,스마트,→ ' 스마트 팩토리 ' 의 부각 전망,NA,NA,NA,NA
6991,6992,6992,8,스마트,팩토리 ' 의 부각 전망 스마트 팩토리가 부각되면,NA,NA,NA,NA
6992,6993,6993,8,스마트,스마트 폰 ( MC ) TV,NA,NA,NA,NA
6993,6994,6994,8,스마트,차 산업혁명 ' 과 ' 스마트 팩토리 ' ( 17 /,NA,NA,NA,NA
6994,6995,6995,8,스마트,") CES 2017 참관기 "" 스마트 = 연결 "" ( 17",NA,NA,NA,NA
6995,6996,6996,8,스마트,= 20150555491902 # 동영상 # 스마트 # 씽큐 # 허브 #IOT#,NA,NA,NA,NA
6996,6997,6997,8,스마트,"Smart ThinQ ' 또는 ' 스마트 씽큐 ' 를 입력하여 """,NA,NA,NA,NA
6997,6998,6998,8,스마트,펀펀 ( FunFun ) 한 스마트 일상 이야기,NA,NA,NA,NA
6998,6999,6999,8,스마트,( AI ) 스피커 LG 스마트 허브 새로운 기술이 우리의 삶을,NA,NA,NA,NA
6999,7000,7000,8,스마트,수 있고 IoT 기기들을 제어해 스마트 도어락을 열어 무단 침입을 할,NA,NA,NA,NA
7000,7001,7001,8,스마트,오부의 침입을 막는 것이 좋고 스마트 도어락 등 직접 보안과 관련된,NA,NA,NA,NA
7001,7002,7002,8,스마트,소통할 수 있는스피커를 말함으로서 차세대 스마트 홈 구축에 주춧돌이 되고 있는데요,NA,NA,NA,NA
7002,7003,7003,8,스마트,) ' 를 결합해 음성으로 스마트 TV 를 보다 편리하게 사용할,NA,NA,NA,NA
7003,7004,7004,8,스마트,기존 스마트홈 플랫폼 브랜드 ' 스마트 씽큐 ( SmartThinQ ) ',NA,NA,NA,NA
7004,7005,7005,8,스마트,LG 스마트씽큐 앱에서 LG 스마트 가전 / 허브 및 센서를,NA,NA,NA,NA
7005,7006,7006,8,스마트,LG 씽큐 개발자 사이트에 있는 스마트 싱큐이니 궁금한 점이 있으면 참고하길,NA,NA,NA,NA
7006,7007,7007,8,스마트,노리는 IT 기업 이제는 진정한 스마트 시대,NA,NA,NA,NA
7007,7008,7008,8,스마트,즉 스마트 기능이 더욱 강화된거죠,NA,NA,NA,NA
7008,7009,7009,8,스마트,애플의 ' 스마트 홈 키트 ' 도 추진중,NA,NA,NA,NA
7009,7010,7010,8,스마트,주방 가전도 이제 스마트 허브로,NA,NA,NA,NA
7010,7011,7011,8,스마트,냉장고에 명령을 내리면 스마트 폰에 저장된 사진을 TV 에,NA,NA,NA,NA
7011,7012,7012,8,스마트,미루고 있다가 스마트 스위치 제품으만 전등 온오프 가능한,NA,NA,NA,NA
7012,7013,7013,8,스마트,전등 온오프 가능한 제품 SK 스마트 WIFI 가 출시되어 와디즈에서,NA,NA,NA,NA
7013,7014,7014,8,스마트,SKT 문열림 센서 와 SKT 스마트 플러그도 사용 중입니다,NA,NA,NA,NA
7014,7015,7015,8,스마트,퇴근시간때 현관 문이 열리면 SKT 스마트 스위치가 설치된 주방등이 켜지면서 SKT,NA,NA,NA,NA
7015,7016,7016,8,스마트,스위치가 설치된 주방등이 켜지면서 SKT 스마트 플러그에 연결된 TV 가 켜지게,NA,NA,NA,NA
7016,7017,7017,8,스마트,플랫폼으로서 LG 스마트씽큐 앱에서 LG 스마트 가전 / 허브 및 센서를,NA,NA,NA,NA
7017,7018,7018,8,스마트,LG 스마트,NA,NA,NA,NA
7019,7020,7020,8,스마트,일반 가전도 스마트 가전처럼 사용하실 수 있으며,NA,NA,NA,NA
7020,7021,7021,8,스마트,스마트 전구 스마트 플러그 모션 센서,NA,NA,NA,NA
7021,7022,7022,8,스마트,스마트 전구 스마트 플러그 모션 센서 등 다양한,NA,NA,NA,NA
7022,7023,7023,8,스마트,LG 전자는 LG 스마트,NA,NA,NA,NA
7023,7024,7024,8,스마트,확대하여 다양한 IoT 고객가치를 제공하고 스마트 홈 환경을 점차 확대해 나갈,NA,NA,NA,NA
7024,7025,7025,8,스마트,이제 LG 스마트씽큐로 편리하고 즐거운 스마트 라이프를 경험해 보세요,NA,NA,NA,NA
7025,7026,7026,8,스마트,스마트 가전 명령어를 내가 저장해두고 사용할,NA,NA,NA,NA
7026,7027,7027,8,스마트,새로운 스마트 가전으로 활용할 수 있게 한다네요,NA,NA,NA,NA
7028,7029,7029,8,스마트,1 ) 스마트 허브로 Logitech harmony Hub 의,NA,NA,NA,NA
7029,7030,7030,8,스마트,harmony Hub 의 사용 - 스마트 허브는 삼성의 Smartthings Broadlink 의,NA,NA,NA,NA
7030,7031,7031,8,스마트,기능을 제공하는 딥 러닝 기반의 스마트 가전 진행 - 가전에 각종,NA,NA,NA,NA
7031,7032,7032,8,스마트,등 엘지전자 가전 7 종과 스마트 플러그 스마트 전구 IoT 기기,NA,NA,NA,NA
7032,7033,7033,8,스마트,가전 7 종과 스마트 플러그 스마트 전구 IoT 기기 2 종과,NA,NA,NA,NA
7033,7034,7034,8,스마트,Accuracy LG 43 ' 4K 스마트 LED TV 로 앱 및,NA,NA,NA,NA
7034,7035,7035,8,스마트,Wi-Fi 및 이더넷 연결이 가능한 스마트 TV 로 LG 콘텐츠 스토어에,NA,NA,NA,NA
7035,7036,7036,8,스마트,UHD TV ThinQ 는 연결된 스마트 장치의 허브가됩니다,NA,NA,NA,NA
7036,7037,7037,8,스마트,는 지능형 음성 제어를 사용하여 스마트 홈 및 그 이상의 허브를,NA,NA,NA,NA
7037,7038,7038,8,스마트,webOS 스마트 TV 대기열 영화 TV 는,NA,NA,NA,NA
7038,7039,7039,8,스마트,제품의 스마트 서비스가 변경 될 수 있습니다,NA,NA,NA,NA
7039,7040,7040,8,스마트,43 인치 4K TV - 스마트 LED - HDR - 리모컨,NA,NA,NA,NA
7456,7457,7457,8,버튼,측면의 볼륨 조절 버튼 두개를 동시에 눌러주면 페어링 모드로,NA,NA,NA,NA
7457,7458,7458,8,버튼,적용된 휘센은 ' 스마트케어 ' 버튼 하나로 내가 주로 머무는 공간,NA,NA,NA,NA
7458,7459,7459,8,버튼,측면에 있는 음량 버튼 2 개를 동시에 3 초,NA,NA,NA,NA
7459,7460,7460,8,버튼,옆쪽의 음량 버튼 두 개를 동시에 7 초간,NA,NA,NA,NA
7460,7461,7461,8,버튼,에코 스팟 장난감 같은 에코 버튼 일반 전화를 스마트하게 만들어 줄,NA,NA,NA,NA
7461,7462,7462,8,버튼,허브 상단 우측에 있는 볼륨 버튼 두 개를동시에 7 초간 꾹,NA,NA,NA,NA
7462,7463,7463,8,버튼,녹음을 하는 방식으로 동작하기 때문에 버튼 등이 포함됩니다,NA,NA,NA,NA
7463,7464,7464,8,버튼,버튼 하나로 냉방부터 청정 제습까지 알아서,NA,NA,NA,NA
7464,7465,7465,8,버튼,유심히 보시면 버튼 아래쪽에 WiFi 라고 적혀져 있어서,NA,NA,NA,NA
7910,7911,7911,8,타이머,기능 블루투스 스피커 일정 확인 타이머 등 다양한 기능을 이용할 수,NA,NA,NA,NA
7911,7912,7912,8,타이머,할 수 있고 날씨 확인 타이머 / 알람 스케쥴 관리 정보,NA,NA,NA,NA
7912,7913,7913,8,타이머,제공받을 수 있는 기능 일정 타이머 관리 등에 대해서 살펴봤습니다,NA,NA,NA,NA
7915,7916,7916,8,타이머,인공지능 스피커 스마트씽큐 허브는 일정과 타이머 등의 기능도 사용할 수 있습니다,NA,NA,NA,NA
7917,7918,7918,8,타이머,' 3 분 타이머 설정해줘 타이머 취소해 ' 등,NA,NA,NA,NA
7918,7919,7919,8,타이머,' 3 분 타이머 설정해줘 타이머 취소해 ' 등 다양한 명령을,NA,NA,NA,NA
7919,7920,7920,8,타이머,때 등에 스마트폰을 사용하지 않고도 타이머 설정이 가능해 유용하게 사용할 수,NA,NA,NA,NA
7920,7921,7921,8,타이머,타이머 기능은 저보다는 와이프가 유용하게 사용하고,NA,NA,NA,NA
7921,7922,7922,8,타이머,음성인식 기능 블루투스 스피커 일정과 타이머 기능 등을 살펴봤습니다,NA,NA,NA,NA
7922,7923,7923,8,타이머,Talk ) 기능을 통해 알람 타이머 설정 날씨 확인 시간 확인,NA,NA,NA,NA
7923,7924,7924,8,타이머,누르지 않고 ' 하이 엘지 타이머 10 분 ',NA,NA,NA,NA
7924,7925,7925,8,타이머,알려줘 ' ' 3 분 타이머 설정해줘 ' 등 예시도 함께,NA,NA,NA,NA
7925,7926,7926,8,타이머,또한 스마트씽큐 허브에는 일정과 타이머 등의 편의 기능을 사용할 수,NA,NA,NA,NA
7926,7927,7927,8,타이머,하거나 컵라면을 먹어야 할 때는 타이머 기능이 유용하죠,NA,NA,NA,NA
7927,7928,7928,8,타이머,그냥 ' 타이머 ' 라고 말하면 LG 전자,NA,NA,NA,NA
7928,7929,7929,8,타이머,묻기 때문에 ' 2 분 타이머 설정해줘 ' 처럼 시간을 함께,NA,NA,NA,NA
7929,7930,7930,8,타이머,버튼을 누르지 않아도간편하게 음성인식으로날씨 시간 타이머 알람뿐 아니라정보나 상식 검색도 가능하답니다,NA,NA,NA,NA
7930,7931,7931,8,타이머,사실 타이머도 따로 가지고 있고핸드폰에도 타이머 기능이 있지만시간 맞추는 게 은근,NA,NA,NA,NA
7931,7932,7932,8,타이머,날씨와 시간 타이머 알람뿐 아니라일정관리도 음성인식으로,NA,NA,NA,NA
7932,7933,7933,8,타이머,전 타이머 기능이 넘 맘에 드는 거,NA,NA,NA,NA
7933,7934,7934,8,타이머,맞춤형 비서역할도 하여 주방에서도 레시피 타이머 등을 해준다,NA,NA,NA,NA
7934,7935,7935,8,타이머,타이머가 필요할때가 정말 많죠,NA,NA,NA,NA
7935,7936,7936,8,타이머,8 분 타이머 시작,NA,NA,NA,NA
7936,7937,7937,8,타이머,만들기 위해 면을 8 분 타이머 설정을 해놓고 삶아 주었답니다,NA,NA,NA,NA
7937,7938,7938,8,타이머,관리하고 상태정보 확인 일정 날씨 타이머 등을 사용할 수 있답니다,NA,NA,NA,NA
7938,7939,7939,8,타이머,스마트가전 뿐만 아니라 날씨 일정 타이머 등에 사용할 수 있고 고품질,NA,NA,NA,NA
7939,7940,7940,8,타이머,제가 자주 애용하는 것이 바로 타이머 기능,NA,NA,NA,NA
7940,7941,7941,8,타이머,타이머 설정해줘,NA,NA,NA,NA
7941,7942,7942,8,타이머,하고 명령하면 타이머 설정을 시작합니다,NA,NA,NA,NA
7942,7943,7943,8,타이머,스피커 LG 스마트씽큐 허브에게 음성으로 타이머 설정을 부탁하는 동영상,NA,NA,NA,NA
7943,7944,7944,8,타이머,이제 수동 타이머 이런 거 빠이빠이,NA,NA,NA,NA
7944,7945,7945,8,타이머,것은 역시 외출할 때 날씨나 타이머 등의 활용입니다,NA,NA,NA,NA
7946,7947,7947,8,타이머,' 나 타이머 부탁해,NA,NA,NA,NA
7947,7948,7948,8,타이머,날씨와 시간을 확인할 수 있고 타이머 알람 스케줄 관리까지 궁금한 정보나,NA,NA,NA,NA
7987,7988,7988,8,등록,앱 내 대시보드에 있는 제품 등록 버튼을,NA,NA,NA,NA
7988,7989,7989,8,등록,장소에 센서를 부착하고 스마트씽큐 앱에서 등록 후 사용하면 되는데요,NA,NA,NA,NA
7989,7990,7990,8,등록,( 일반형 ) 을 선택하고 등록 가이드에 맞춰 단계를 진행하면 쉽게,NA,NA,NA,NA
7990,7991,7991,8,등록,등록할 수 있습니다,NA,NA,NA,NA
7991,7992,7992,8,등록,허브 등록 후 IoT 기기 등록 - 센서 내 온습도센서를 선택한,NA,NA,NA,NA
7992,7993,7993,8,등록,화면에 따라 단계를 진행하면 손쉽게 등록 완료,NA,NA,NA,NA
7993,7994,7994,8,등록,눌러 주면 허브를 어플에 등록 시작,NA,NA,NA,NA
7994,7995,7995,8,등록,RM PRO 에 리모컨을 등록 전동커튼을 컨트롤,NA,NA,NA,NA
7995,7996,7996,8,등록,허브와 스마트씽큐 허브를 스마트씽큐 어플에 등록 후 허브 와 제품을 연결해,NA,NA,NA,NA
7996,7997,7997,8,등록,설치하고앱 실행 후 ' 제품 등록 ' 을 선택합니다,NA,NA,NA,NA
7997,7998,7998,8,등록,등록 방법은 앱에서 알려주는대로그대로 따라 하면,NA,NA,NA,NA
7998,7999,7999,8,등록,드릴게요 ^ ^ 지난번 포스팅에서제품 등록 방법과 함께스마트한 몇 가지 기능을,NA,NA,NA,NA
7999,8000,8000,8,등록,▲ 간단한 센서 등록 후 이용 가능 저는 주로,NA,NA,NA,NA
8000,8001,8001,8,등록,어버버 하는 사이 등록 완료,NA,NA,NA,NA
8002,8003,8003,8,등록,이후에 아래쪽에 애플리케이션 등록 버튼이 있으므로 이를 클릭해 등록하면,NA,NA,NA,NA
8003,8004,8004,8,등록,그외에도 복잡한 등록 절차 없이 LG 스마트 가전을,NA,NA,NA,NA
8004,8005,8005,8,등록,원하는 기능을 바로 선택해 센서 등록 가능,NA,NA,NA,NA
8007,8008,8008,8,구글,LG 전자는 네이버뿐만 아니라 구글 아마존과도 손잡고 개방형 인공지능 스마트홈,NA,NA,NA,NA
8008,8009,8009,8,구글,해외에서는 아마존 ' 알렉사 ' 구글 ' 구글 어시스턴트 ' 가,NA,NA,NA,NA
8009,8010,8010,8,구글,' 알렉사 ' 구글 ' 구글 어시스턴트 ' 가 이미 LG,NA,NA,NA,NA
8010,8011,8011,8,구글,애플 앱스토어 또는 구글 플레이에서 직접 스마트씽큐 앱을 다운로드,NA,NA,NA,NA
8011,8012,8012,8,구글,네이버 캘린더나 구글 캘린더와 연동을 시켜주면 매일 매일,NA,NA,NA,NA
8012,8013,8013,8,구글,로그인과 사용중인 다른 계정 ( 구글 페이스북 ) 로그인으로 선택할 수,NA,NA,NA,NA
8013,8014,8014,8,구글,날씨나 시간 알림 구글 일정과 연동하면 일정 관리도 가능하고,NA,NA,NA,NA
8014,8015,8015,8,구글,구글,NA,NA,NA,NA
8015,8016,8016,8,구글,음질로 블루투스 스피커로 사용해도 손색없으며 구글 캘린더와 Accu Weather 기능이 포함되어,NA,NA,NA,NA
8016,8017,8017,8,구글,스마트폰으로 QR 코드를 읽거나 혹은 구글 플레이스토어 / 애플 앱스토어에서 ',NA,NA,NA,NA
8017,8018,8018,8,구글,구글 홈 Google Home 애플의 홈팟,NA,NA,NA,NA
8018,8019,8019,8,구글,오늘은 구글 홈 Google Home 이나 애플의,NA,NA,NA,NA
8019,8020,8020,8,구글,애플 아이폰을 사용한다면 시리에게 명령하고 구글 어스던트나 삼성 스마트폰을 사용한다면 박스비,NA,NA,NA,NA
8020,8021,8021,8,구글,특히 구글 어시스턴트와 연결한 다양한 기술들이 선보였는데,NA,NA,NA,NA
8021,8022,8022,8,구글,구글 어시스턴트 탑재해서 제한 없는 사용성을,NA,NA,NA,NA
8022,8023,8023,8,구글,아마도 구글 홈이나 애플의 홈팟등 가정용 인공지능,NA,NA,NA,NA
8023,8024,8024,8,구글,구글 어시스턴트를 탑재했고 구글 케스트도 내장되어,NA,NA,NA,NA
8024,8025,8025,8,구글,구글 어시스턴트를 탑재했고 구글 케스트도 내장되어 있어 다른 기기에,NA,NA,NA,NA
8025,8026,8026,8,구글,일정의 경우 스마트씽큐 앱에서 구글 계정을 연동을 해 두면 구글,NA,NA,NA,NA
8026,8027,8027,8,구글,구글 계정을 연동을 해 두면 구글 캘린더에 등록된 일정을 음성으로 확인하거나,NA,NA,NA,NA
8027,8028,8028,8,구글,구글 계정과 연동을 해 뒀을 경우,NA,NA,NA,NA
8028,8029,8029,8,구글,계정과 연동을 해 뒀을 경우 구글 캘린더에 등록된 일정을 음성 또는,NA,NA,NA,NA
8029,8030,8030,8,구글,해외에서는 구글 아마존 텐센트 바이두 등 인터넷,NA,NA,NA,NA
8030,8031,8031,8,구글,년 5 월 AI 음성비서 구글 어시스턴트를 내놨다,NA,NA,NA,NA
8031,8032,8032,8,구글,이에 구글 마이크로소프트도 AI 기술에 박차를 가하고,NA,NA,NA,NA
8032,8033,8033,8,구글,전자는 앞서 5 월부터 ' 구글 어시스턴트 ( Google Assistant ),NA,NA,NA,NA
8033,8034,8034,8,구글,) ' 가 탑재된 ' 구글 홈 ( Google Home ),NA,NA,NA,NA
8034,8035,8035,8,구글,' 알렉사 ' 및 ' 구글 어시스턴트 ' 와 연동되는 LG,NA,NA,NA,NA
8035,8036,8036,8,구글,' 아마존 에코 ' ' 구글 홈 ' 등 ' 알렉사,NA,NA,NA,NA
8036,8037,8037,8,구글,' 알렉사 ' 나 ' 구글 어시스턴트 ' 를 탑재한 기기를,NA,NA,NA,NA
8037,8038,8038,8,구글,또 올해 5 월 열린 구글 I / O 에서 ',NA,NA,NA,NA
8038,8039,8039,8,구글,I / O 에서 ' 구글 홈 ' 으로 LG 시그니처,NA,NA,NA,NA
8039,8040,8040,8,구글,' 알렉사 ' 와 ' 구글 어시스턴트 ' 외에 자체 개발한,NA,NA,NA,NA
8056,8057,8057,8,구글,구글 캘린더와 연동되어 일정과 날씨도 알려주는,NA,NA,NA,NA
8057,8058,8058,8,구글,자주 사용하시는 계정과 연동하면 좋습니다전 구글 계정과 연동했습니다 어딜가나 동의는 필수군요,NA,NA,NA,NA
8062,8063,8063,8,구글,베르너 괴르츠는 ' 아마존 에코나 구글 홈 등 VPA ( Virtual,NA,NA,NA,NA
8063,8064,8064,8,구글,AI 스피커는 아마존 에코를 시작으로 구글 홈 애플 홈팟 등 메이저,NA,NA,NA,NA
8064,8065,8065,8,구글,이 외에도 음성비서 서비스인 ' 구글 어시스턴트 ' 가 한 층,NA,NA,NA,NA
8065,8066,8066,8,구글,사용자 개발회의에서 구글의 스마트홈 서비스인 구글 홈을 선보였습니다,NA,NA,NA,NA
8066,8067,8067,8,구글,구글 홈은,NA,NA,NA,NA
8067,8068,8068,8,구글,이겨서 유명해진 구글의 인공지능 알파고와 구글 AI 오픈소스인 텐서플로 ( TensorFlow,NA,NA,NA,NA
8068,8069,8069,8,구글,활용할 수 있는 일상 버전의 구글 인공지능 서비스입니다,NA,NA,NA,NA
8069,8070,8070,8,구글,사용 가능하도록 만든 것은 바로 구글 어시스턴트 ( Google Assistant ),NA,NA,NA,NA
8070,8071,8071,8,구글,검색하여 제공하는 것이 구글 어시스턴트입니다,NA,NA,NA,NA
8071,8072,8072,8,구글,구글 나우가 한층 진화한 것입니다,NA,NA,NA,NA
8072,8073,8073,8,구글,구글 어시스턴트는,NA,NA,NA,NA
8073,8074,8074,8,구글,것이 가능해지는 스마트홈 시스템 ' 구글 홈 ( Google Home ),NA,NA,NA,NA
8074,8075,8075,8,구글,음성명령 스마트홈 디바이스 시장은 아마존 구글 애플의 3 파전이 될것입니다,NA,NA,NA,NA
8075,8076,8076,8,구글,애플 앱 스토어 또는 구글 플레이 스토에서스마트씽큐 앱을 다운로드하면 되겠죠,NA,NA,NA,NA
8076,8077,8077,8,구글,않아도 날씨를 물어보고 확인할수 있고 구글 캘린더에 입력한 약속이나 진료일정등 스케줄을,NA,NA,NA,NA
8077,8078,8078,8,구글,구글 홈은 검색엔진인 구글과 연동하여 유튜브,NA,NA,NA,NA
8078,8079,8079,8,구글,검색엔진인 구글과 연동하여 유튜브 구글캘린더 구글 지도 등 다양한 구글 서비스가,NA,NA,NA,NA
8079,8080,8080,8,구글,구글캘린더 구글 지도 등 다양한 구글 서비스가 사용가능하며 맞춤형 비서역할도 하여,NA,NA,NA,NA
8080,8081,8081,8,구글,곧 구글 스마트스피커가 국내시장에 들어온다고 하니 국내,NA,NA,NA,NA
8081,8082,8082,8,구글,2 월가격 : 349 달러 구글 홈출시일 : 2016 년 11,NA,NA,NA,NA
8082,8083,8083,8,구글,선봬 LG 독자개발 딥씽큐 · 구글 어시스턴트로 생활속 편리함 극대화 지난,NA,NA,NA,NA
8083,8084,8084,8,구글,아마존의 에코와 구글 홈이 스피커 형태로 출시되었으며 SK,NA,NA,NA,NA
8084,8085,8085,8,구글,소개드릴 제품은 구글의 어시스턴트입니다,NA,NA,NA,NA
8085,8086,8086,8,구글,기가 지니는 사운드만을 출력하는 에코나 구글 홈에 대비해 영상까지 출력하는 더,NA,NA,NA,NA
8086,8087,8087,8,구글,구글 캘린더와 연동하면이런 일정도 스마트씽큐 허브로편리하게,NA,NA,NA,NA
8088,8089,8089,8,구글,개방형 전략을 통해 구글 아마존 네이버와도 협업중인 LG 씽큐의,NA,NA,NA,NA
8089,8090,8090,8,구글,우선 빅스비의 성능이 경쟁 제품인 구글 어시스턴트 아마존 알렉사 애플 시리와,NA,NA,NA,NA
8090,8091,8091,8,구글,구글은 구글 어시스턴트를 핵심으로 내세우고 있다,NA,NA,NA,NA
8091,8092,8092,8,구글,그러나 빅스비의 성능은 구글 어시스턴트에 미치지 못한다,NA,NA,NA,NA
8092,8093,8093,8,구글,어떤 상황이 벌어질 수 있을지는 구글 산하 사물인터넷 ( IoT ),NA,NA,NA,NA
8093,8094,8094,8,구글,' 구글,NA,NA,NA,NA
8097,8098,8098,8,구글,' 글로벌 IT 기업 ' 구글 ( Google ) ' 등,NA,NA,NA,NA
8098,8099,8099,8,구글,구글의 음성인식 AI 플랫폼 ' 구글 어시스턴트 ' 한국어 서비스를 처음,NA,NA,NA,NA
8099,8100,8100,8,구글,올해 초에는 LG G6 로 구글 어시스턴트 영문 서비스를 선보이기도 했다,NA,NA,NA,NA
8100,8101,8101,8,구글,에 특화한 명령어도 추가하는 등 구글 어시스턴트를 탑재한 기기와 주요 생활가전을,NA,NA,NA,NA
8101,8102,8102,8,구글,아울러 독자 기술뿐 아니라 구글 아마존 네이버 등 국내외 기업들의,NA,NA,NA,NA
8102,8103,8103,8,구글,국내 스마트폰 중 최초로 구글 렌즈를 탑재해 피사체를 렌즈에 비추면,NA,NA,NA,NA
8103,8104,8104,8,구글,스케줄 관리를 제대로 하기 위해 구글 캘린더를 다운 받아 휴대폰에 설치한후,NA,NA,NA,NA
8104,8105,8105,8,구글,그리고 구글 캘린더와 스마트 씽큐 허브를 연동하면,NA,NA,NA,NA
8105,8106,8106,8,구글,스마트 씽큐 허브를 연동하면 이렇게 구글 캘린더에 입력해 놓은 일정을 LG,NA,NA,NA,NA
8106,8107,8107,8,구글,사용하고 있는 AI 기술 ( 구글 어시스턴트 아마존 알렉사 네이버 클로바,NA,NA,NA,NA
8107,8108,8108,8,구글,자사의 인공지능 기술만 고집하는게 아니라 구글 아마존 네이버 등 인공지능 서비스를,NA,NA,NA,NA
8108,8109,8109,8,구글,씽큐의 경우 고감도 마이크를 통해 구글 어시스턴트와 LG 전자의 Q 보이스를,NA,NA,NA,NA
8109,8110,8110,8,구글,인공지능 플랫폼을 불러올 수 있도록 구글 어시스턴트 키도 탑재되어 있습니다,NA,NA,NA,NA
8110,8111,8111,8,구글,구글홈 및 ' 구글,NA,NA,NA,NA
8111,8112,8112,8,구글,구글 어시스턴트를 실행하고 ' Ask LG,NA,NA,NA,NA
8112,8113,8113,8,구글,애플 앱스토어 또는 구글 플레이에서 직접 앱을 다운로드 하거나,NA,NA,NA,NA
8113,8114,8114,8,구글,그리고 와이파이 연결을 통해 얻은 구글 일정 관리 및 Accu Weather,NA,NA,NA,NA
8114,8115,8115,8,구글,LG 전자는 지난 5 월 구글 어시스턴트가 탑재된 구글홈과 LG 가전을,NA,NA,NA,NA
8115,8116,8116,8,구글,LG 전자는 지난 5 월 구글 I / O 에서 구글,NA,NA,NA,NA
8116,8117,8117,8,구글,구글 I / O 에서 구글 홈으로 LG 시그니처 가습공기청정기를 시연하는,NA,NA,NA,NA
8117,8118,8118,8,구글,오븐 등 생활가전 7 종에 구글 음성인식 인공지능 플랫폼,NA,NA,NA,NA
8118,8119,8119,8,구글,구글 음성인식 인공지능 플랫폼,NA,NA,NA,NA
8119,8120,8120,8,구글,구글 음성인식 인공지능 플랫폼 구글 어시스턴트는,NA,NA,NA,NA
8120,8121,8121,8,구글,구글 음성인식 인공지능 플랫폼 구글 어시스턴트는 LG 전자가 31 일에,NA,NA,NA,NA
8121,8122,8122,8,구글,특히 G6 가 구글 어시스턴트 영문 서비스를 선보인데 이어,NA,NA,NA,NA
8122,8123,8123,8,구글,의 주요기능을 실행하는 것은 물론 구글 어시스턴츠를 탑재한 스마트폰을 소유하고 있다면,NA,NA,NA,NA
8123,8124,8124,8,구글,어시스턴츠를 탑재한 스마트폰을 소유하고 있다면 구글 홈이나 구글 어시스턴트를 탑재힌 기기와,NA,NA,NA,NA
8124,8125,8125,8,구글,스마트폰을 소유하고 있다면 구글 홈이나 구글 어시스턴트를 탑재힌 기기와 주요 생활가전을,NA,NA,NA,NA
8125,8126,8126,8,구글,전자 잔디깍이 로봇은 아마존 알렉사 구글 어시스턴트 등 인공지능 음성 비서를,NA,NA,NA,NA
8126,8127,8127,8,구글,간단하게 구글 어시스턴트와 연동되며 아마존의 알렉사까지 연동이,NA,NA,NA,NA
8127,8128,8128,8,구글,지난 5 월 구글 어시스턴트와 연동되어 냉장고 세탁기 등,NA,NA,NA,NA
8128,8129,8129,8,구글,아마존에코 등 스피커를 통해 알렉사 구글 어시스턴트 음성인식 인공지능 플랫폼으로 음성만으로,NA,NA,NA,NA
8129,8130,8130,8,구글,가능 애플의 ' Siri ' 구글 ' 어시스턴트 ' 마이크로소프트 ',NA,NA,NA,NA
8130,8131,8131,8,구글,TV ( HE ) : 구글 AI 어시스턴스 제휴,NA,NA,NA,NA
8131,8132,8132,8,구글,구글 페이스북 아마존 IBM 등,NA,NA,NA,NA
8132,8133,8133,8,구글,구글계정을 입력해주면 구글 캘린더와 연동해서 사용할 수 있어,NA,NA,NA,NA
8133,8134,8134,8,구글,연동해서 사용할 수 있어 평소 구글 캘린더에 기록한 일정을 LG 스마트씽큐,NA,NA,NA,NA
8134,8135,8135,8,구글,구글 캘런더를 연동하면 일정 관리도 더,NA,NA,NA,NA
8135,8136,8136,8,구글,애플 구글 삼성 마이크로소프트 많은 음성 비서에,NA,NA,NA,NA
8136,8137,8137,8,구글,AI 음성인식 비서 기능인 ' 구글 어시스턴트 ' 와 LG 전자의,NA,NA,NA,NA
8137,8138,8138,8,구글,' 헤이 구글 ' 이랑 비슷하긴 하지만 그래도,NA,NA,NA,NA
8138,8139,8139,8,구글,다른 기업들의 AI 기술 ( 구글 어시스턴트 아마존 알렉사 네이버 클로바,NA,NA,NA,NA
8139,8140,8140,8,구글,아마존 에코 구글 홈 애플의 홈팟 등 미국,NA,NA,NA,NA
8140,8141,8141,8,구글,아마존 구글 애플 삼성 등 글로벌 기업들,NA,NA,NA,NA
8141,8142,8142,8,구글,구글도 질 수 없다 ' 구글 홈 ',NA,NA,NA,NA
8142,8143,8143,8,구글,에코가 출시된 지 2 년 구글 인공지능 음성 비서 소프트 웨어인,NA,NA,NA,NA
8143,8144,8144,8,구글,음성 비서 소프트 웨어인 ' 구글 어시스턴트 ' 를 탑재한 구글,NA,NA,NA,NA
8144,8145,8145,8,구글,구글 어시스턴트 ' 를 탑재한 구글 홈이 나왔습니다,NA,NA,NA,NA
8145,8146,8146,8,구글,구글 홈은 검색 엔진인 구글과 연동할,NA,NA,NA,NA
8146,8147,8147,8,구글,구글과 연동할 수 있고 유튜브 구글 캘린더 포토 지도 등 다양한,NA,NA,NA,NA
8147,8148,8148,8,구글,캘린더 포토 지도 등 다양한 구글 서비스와 함께 소비자의 맞춤형 비서,NA,NA,NA,NA
8148,8149,8149,8,네이버,최근 네이버 클로바 외에도 카카오 미니 SK,NA,NA,NA,NA
8149,8150,8150,8,네이버,네이버 클로바를 연동하고 있기 때문에 네이버,NA,NA,NA,NA
8150,8151,8151,8,네이버,네이버 클로바를 연동하고 있기 때문에 네이버 검색을 활용하는 더 많은 정보들,NA,NA,NA,NA
8151,8152,8152,8,네이버,하나 주목할 것은 지난 해부터 네이버 인공지능 클로바와 LG 씽큐 허브가,NA,NA,NA,NA
8152,8153,8153,8,네이버,네이버 캘린더나 구글 캘린더와 연동을 시켜주면,NA,NA,NA,NA
8153,8154,8154,8,네이버,기본적으로 네이버 뮤직부터 스마트폰에 저장된 음악까지,NA,NA,NA,NA
8154,8155,8155,8,네이버,음성지원으로 제어할 수 있는 쪽은 네이버 뮤직입니다,NA,NA,NA,NA
8155,8156,8156,8,네이버,하면 우선적으로 네이버 뮤직이 켜진답니다,NA,NA,NA,NA
8156,8157,8157,8,네이버,오늘은 LG 씽큐 허브가 네이버 클로바와 만나 어떤점이 달라졌는지 알아봤어요,NA,NA,NA,NA
8157,8158,8158,8,네이버,이제 LG 씽큐 허브에서 네이버 클로바를 만날 시간,NA,NA,NA,NA
8158,8159,8159,8,네이버,먼저 스마트씽큐 앱에서 네이버 클로바 서비스와 연결해준 후 Clova,NA,NA,NA,NA
8159,8160,8160,8,네이버,네이버 클로바 앱에서 설정 - 클로바홈,NA,NA,NA,NA
8160,8161,8161,8,네이버,이젠 네이버 클로바를 만났으니 ' 네이버 뮤직,NA,NA,NA,NA
8161,8162,8162,8,네이버,이젠 네이버 클로바를 만났으니 ' 네이버 뮤직 ' 이 제공하는 음원,NA,NA,NA,NA
8162,8163,8163,8,네이버,' 등과 같은 명령어로 네이버 클로바가 제안하는 음악을 들을 수,NA,NA,NA,NA
8163,8164,8164,8,네이버,네이버,NA,NA,NA,NA
8164,8165,8165,8,네이버,네이버페이와,NA,NA,NA,NA
8165,8166,8166,8,네이버,검색 등의 네이버 인공지능 플랫폼 ' 클로바 ',NA,NA,NA,NA
8167,8168,8168,8,네이버,본체에서 업데이트가 완료되면 이렇게 허브에서 네이버 클로바를 만날 수 있다는 알림,NA,NA,NA,NA
8168,8169,8169,8,네이버,허브와 콜라보 연동을 하게 된 네이버 클로바는 음성지원이 가능한 인공지능 어플입니다,NA,NA,NA,NA
8169,8170,8170,8,네이버,이렇게 업데이트 과정을 따라가다 보면 네이버 클로바앱을 설치하라는 다운로드가 친절하게 떠줍니다,NA,NA,NA,NA
8170,8171,8171,8,네이버,ㅎㅎ 씽큐 허브와 네이버 클로바의 만남으로 많은 기능들이 추가되었는데,NA,NA,NA,NA
8171,8172,8172,8,네이버,고음질을 선사하는 LG 블루투스 스피커로 네이버 뮤직을 감상할 수 있다는 점이에요,NA,NA,NA,NA
8172,8173,8173,8,네이버,' 비즈니스 플랫폼 ' 부문은 네이버 전체 매출에서 46 % (,NA,NA,NA,NA
8173,8174,8174,8,네이버,드렸던 LG 씽큐 허브가 최근 네이버 클로바 업데이트 이후 확 달라졌습니다,NA,NA,NA,NA
8174,8175,8175,8,네이버,네이버 클로바 업데이트를 적용하기 위해서는 일단,NA,NA,NA,NA
8175,8176,8176,8,네이버,주요 변경점은 네이버 뮤직 스트리밍 서비스 탑재 네이버,NA,NA,NA,NA
8176,8177,8177,8,네이버,네이버 뮤직 스트리밍 서비스 탑재 네이버 클로바 음성 서비스 탑재입니다,NA,NA,NA,NA
8177,8178,8178,8,네이버,창을 통해 ' 이제 허브에서 네이버 클로버를 만날 수 있어요,NA,NA,NA,NA
8178,8179,8179,8,네이버,가 스트리밍 서비스를 실행할 때는 네이버 뮤직이 하는 것을 표시해 놓았습니다,NA,NA,NA,NA
8179,8180,8180,8,네이버,네이버 클로바 업데이트 이후 음성 명령의,NA,NA,NA,NA
8180,8181,8181,8,네이버,하지만 이번 업데이트를 통해 네이버 클로바라는 천군만마를 얻은 만큼 앞으로는,NA,NA,NA,NA
8181,8182,8182,8,네이버,그리고 네이버 인공지능 플랫폼인 클로바 협업을 통해,NA,NA,NA,NA
8182,8183,8183,8,네이버,네이버 클로바 인공지능까지 더해 더 똑똑하고,NA,NA,NA,NA
8183,8184,8184,8,네이버,국내에서는 네이버 카카오가 AI 연구를 가장 활발하게,NA,NA,NA,NA
8184,8185,8185,8,네이버,네이버는 차량용 인포테인먼트 어웨이에 네이버 클로바를 탑재했다,NA,NA,NA,NA
8185,8186,8186,8,네이버,가능했다면 이번 작품 즉 ' 네이버 클러바 ' 는 홈 IOT,NA,NA,NA,NA
8186,8187,8187,8,네이버,네이버 클로바와 함께 디바이스 3 개를,NA,NA,NA,NA
8188,8189,8189,8,네이버,수 있는 ) 인공지능 스피커인 네이버 클로버프렌즈 + 아이는 음악도 듣고,NA,NA,NA,NA
8189,8190,8190,8,네이버,해결하지요 LG U + x 네이버 클로바 프렌즈 + 스피커는 말로,NA,NA,NA,NA
8190,8191,8191,8,네이버,고출력 프리미엄 스피커를 통해 ' 네이버 뮤직 ' 의 음원을 스트리밍으로,NA,NA,NA,NA
8191,8192,8192,8,네이버,또 씽큐 허브는 네이버 클로바가 탑재된 다른 기기와 다르게,NA,NA,NA,NA
8192,8193,8193,8,네이버,국내에서도 SKT KT 네이버 카카오 등이 AI 음성비서 디바이스를,NA,NA,NA,NA
8193,8194,8194,8,네이버,일까지 예약 신청을 받음 LG 네이버 AI 플랫폼 탑재된 AI 스피커,NA,NA,NA,NA
8194,8195,8195,8,네이버,11 월가격 : 11 만원대 네이버 클로바 프렌즈 웨이브 출시일 :,NA,NA,NA,NA
8195,8196,8196,8,네이버,스마트폰에서 LG 스마트씽큐 어플을 실행하면 네이버 클로바 서비스와 연동을 할 수,NA,NA,NA,NA
8196,8197,8197,8,네이버,네이버 계정을 입력한 후에 클로바 서비스를,NA,NA,NA,NA
8197,8198,8198,8,네이버,네이버 클로바 앱이나 프렌즈 스마트 스피커,NA,NA,NA,NA
8198,8199,8199,8,네이버,스마트 스피커 등을 사용해보신 분들은 네이버 클로바를 이용해서 어떤 서비스를 사용할,NA,NA,NA,NA
8199,8200,8200,8,네이버,있고 다양한 언어 번역 프리토킹 네이버 검색 날씨 뉴스 등을 확인할,NA,NA,NA,NA
8200,8201,8201,8,네이버,이번에 클로바 서비스가 업데이트되면서 네이버 뮤직을 이용해서 원하는 음악을 스트리밍해서,NA,NA,NA,NA
8201,8202,8202,8,네이버,나온 영화가 뭐야 ' 등 네이버 검색을 바탕으로 다양한 검색을 할,NA,NA,NA,NA
8202,8203,8203,8,네이버,' 샐리야 ' 는 네이버 클로바를 부를 때 사용하고 있는,NA,NA,NA,NA
8203,8204,8204,8,네이버,이처럼 네이버 클로바 서비스가 업데이트된 LG 씽큐,NA,NA,NA,NA
8204,8205,8205,8,네이버,특히나 최근 네이버의 인공지능 서비스인 네이버 클로바 업데이트를 진행하면서 기존의 LG,NA,NA,NA,NA
8205,8206,8206,8,네이버,부터 그 기능이 있었지만 이번 네이버 클로바 서비스를 지원하면서 더 세밀해진,NA,NA,NA,NA
8206,8207,8207,8,네이버,살펴 보면 소프트웨어 업데이트가 있으며 네이버 클로바 음성 서비스와 함께 네이버,NA,NA,NA,NA
8207,8208,8208,8,네이버,네이버 클로바 음성 서비스와 함께 네이버 뮤직 스트리밍 서비스를 탑재했다는 업데이트,NA,NA,NA,NA
8208,8209,8209,8,네이버,스마트씽큐 허브 를 클릭하면 바로 네이버 클로바 서비스 연결창이 뜨면서 업데이트를,NA,NA,NA,NA
8209,8210,8210,8,네이버,그리고 네이버 클로바 서비스를 이용할수 있다는 메세지가,NA,NA,NA,NA
8210,8211,8211,8,네이버,네이버 클로바에서는 어떤 것들을 할 수,NA,NA,NA,NA
8211,8212,8212,8,네이버,상태 확인 작동이 가능하기 위해서는 네이버 클로바앱을 설치 하고 앱 상에서,NA,NA,NA,NA
8212,8213,8213,8,네이버,그 밖에 네이버 클로바가 안내하는 기능으로는 네이버 뮤직을,NA,NA,NA,NA
8213,8214,8214,8,네이버,밖에 네이버 클로바가 안내하는 기능으로는 네이버 뮤직을 통한 다양한 음원 검색,NA,NA,NA,NA
8214,8215,8215,8,네이버,자체적으로 인공지능의 역할 ( 이번 네이버 클로바로 더 똑똑해지고 있으며 ),NA,NA,NA,NA
8215,8216,8216,8,네이버,이번 LG 씽큐 허브의 네이버 클로바 업데이트를 통하여 그 가능성을,NA,NA,NA,NA
8216,8217,8217,8,네이버,특히나 네이버의 강점인 지식검색과 함께 네이버 뮤직까지 함께 하기에 스피커의 기능도,NA,NA,NA,NA
8217,8218,8218,8,네이버,네이버 클로바를 통해서 인공지능 스피커 기능을,NA,NA,NA,NA
8219,8220,8220,8,네이버,네이버 클라우드 서비스 중에서 가장 사용해보고,NA,NA,NA,NA
8220,8221,8221,8,네이버,이를 이용해보기 위해선 기본적으로 네이버 클라우드 서비스에 가입이 되어있어야 합니다,NA,NA,NA,NA
8221,8222,8222,8,네이버,▶ 네이버 클로바 CSR 서비스 주소 :,NA,NA,NA,NA
8222,8223,8223,8,네이버,이제 이쯤에서 네이버 클라우드 서비스로 돌아와 애플리케이션 신청을,NA,NA,NA,NA
8223,8224,8224,8,네이버,먼저 네이버 API 를 불러오기 위해 build,NA,NA,NA,NA
8224,8225,8225,8,네이버,관련 라이브러리를 다운로드 받기 위해 네이버 공식 깃 허브 주소로 이동합니다,NA,NA,NA,NA
8225,8226,8226,8,네이버,▶ 네이버 클로바 CSR API 안드로이드예제 :,NA,NA,NA,NA
8226,8227,8227,8,네이버,( 또한 공식 네이버 깃 허브에 있는 소스코드와 조금,NA,NA,NA,NA
8227,8228,8228,8,네이버,따라서 네이버 공식 깃 허브에 있는 코드를,NA,NA,NA,NA
8228,8229,8229,8,네이버,의 AI 스피커인 씽크 허브에 네이버 AI 플랫폼 클로바를 탑재해 재출시했습니다,NA,NA,NA,NA
8229,8230,8230,8,네이버,네이버 클로바를 탑재함으로써 네이버 뮤직 스트리밍,NA,NA,NA,NA
8230,8231,8231,8,네이버,네이버 클로바를 탑재함으로써 네이버 뮤직 스트리밍 서비스와 연동하여 음악을,NA,NA,NA,NA
8231,8232,8232,8,네이버,추가로 클로바에 탑재된 다양한 네이버 교통 · 지역 · 생활,NA,NA,NA,NA
8232,8233,8233,8,네이버,대화 뉴스 검색 팟캐스트 등 네이버 클로바가 제공하는 다양한 인공지능 서비스를,NA,NA,NA,NA
8233,8234,8234,8,네이버,클로바와 네이버 콘텐츠의 결합으로 수많은 정보를 얻을,NA,NA,NA,NA
8234,8235,8235,8,네이버,네이버 모바일 페이지 첫화면에 구현될 이,NA,NA,NA,NA
8235,8236,8236,8,네이버,20 대 이용자가 강남역 부근에서 네이버 모바일 페이지를 열고 지역검색 핀,NA,NA,NA,NA
8236,8237,8237,8,네이버,845 를 적용한 VR 기기 네이버 라인프렌즈 AI 스피커에 퀄컴 프로세서,NA,NA,NA,NA
8237,8238,8238,8,네이버,LG 전자 · 네이버,NA,NA,NA,NA
8239,8240,8240,8,네이버,대화 뉴스 검색 팟캐스트 등 네이버 ' 클로바 ' 가 제공하는,NA,NA,NA,NA
8241,8242,8242,8,네이버,독자 기술뿐 아니라 구글 아마존 네이버 등 국내외 기업들의 기술도 적극,NA,NA,NA,NA
8242,8243,8243,8,네이버,음악 교통 생활정보 뉴스 등 네이버 인공지능 플랫폼 ' 클로바 ',NA,NA,NA,NA
8243,8244,8244,8,네이버,인공지능 비서 네이버 클로바 _ 다양한 서비스 활용,NA,NA,NA,NA
8244,8245,8245,8,네이버,네이버 지식검색일정관리음악추천한국어 번역 등 다양하고 풍부한,NA,NA,NA,NA
8245,8246,8246,8,네이버,대화 뉴스 검색 팟캐스트 등 네이버 인공지능 플랫폼 ' 클로바 ',NA,NA,NA,NA
8246,8247,8247,8,네이버,( 구글 어시스턴트 아마존 알렉사 네이버 클로바 SK 텔레콤 누구 ),NA,NA,NA,NA
8247,8248,8248,8,네이버,기술만 고집하는게 아니라 구글 아마존 네이버 등 인공지능 서비스를 선보이고 있는,NA,NA,NA,NA
8248,8249,8249,8,네이버,을 선보인바 있고 작년 말에는 네이버 인공지능 플랫폼 클로바까지 지원하는 LG,NA,NA,NA,NA
8249,8250,8250,8,네이버,대화 뉴스 검색 팟캐스트 등 네이버 인공지능 플랫폼 클로바가 제공하는 다양한,NA,NA,NA,NA
8251,8252,8252,8,네이버,이번에 네이버 클로바 업데이트를 통해 더욱더 똑똑해진,NA,NA,NA,NA
8252,8253,8253,8,네이버,이번에는 네이버 클로바 업데이트 서비스 구현으로 네이버,NA,NA,NA,NA
8253,8254,8254,8,네이버,네이버 클로바 업데이트 서비스 구현으로 네이버 뮤직 지식 검색 환율등 다양한,NA,NA,NA,NA
8254,8255,8255,8,네이버,클로바 앱을 다운받아 설치한 후 네이버 클로바 앱을 실행,NA,NA,NA,NA
8255,8256,8256,8,네이버,미래 ) 네이버 · 카카오 가세 … 볼륨,NA,NA,NA,NA
8256,8257,8257,8,네이버,정보와 LG 전자 가전연동 및 네이버 클로바 서비스 이용을 위해서는 인터넷에,NA,NA,NA,NA
8257,8258,8258,8,네이버,카카오미니 네이버 프렌즈 등의 인공지능 스피커가 대표적인,NA,NA,NA,NA
8258,8259,8259,8,네이버,카카오톡 전송 음악 추천 외에도 네이버 검색 일정관리 생활정보 등 까지,NA,NA,NA,NA
8259,8260,8260,8,네이버,부족했을 수도 있지만 LG 전자는 네이버 클로바 삼성 빅스비 SK 누구와,NA,NA,NA,NA
8260,8261,8261,8,네이버,' 씽큐 허브 ' 도 네이버 클로바의 음성 인식 기술을 차용했다,NA,NA,NA,NA
8261,8262,8262,8,네이버,( 구글 어시스턴트 아마존 알렉사 네이버 클로바 등 ) 을 탑재한,NA,NA,NA,NA
8262,8263,8263,8,네이버,애플의 홈팟 등 미국 제품들과 네이버 웨이브 SKT 누구 KT 지니,NA,NA,NA,NA
8263,8264,8264,8,네이버,/ NvzEUt 땡처리특가견적기획상품 안내 ☞ 네이버 밴드,NA,NA,NA,NA
8264,8265,8265,8,네이버,스피커 시장 선점을 위해 LG- 네이버 삼성 - 카카오 연합군이 탄생하였다고,NA,NA,NA,NA
8265,8266,8266,8,네이버,네이버 카카오 입장에서는 삼성 LG 라는,NA,NA,NA,NA
8266,8267,8267,8,네이버,수 있어서 좋고삼성 LG 입장에서는 네이버 카카오라는 국내 소비자들이 가장 많이,NA,NA,NA,NA
8267,8268,8268,8,네이버,인공지능 스피커 LG 씽큐 허브가 네이버 클로바 업데이트로 더 똑똑한 서비스를,NA,NA,NA,NA
8268,8269,8269,8,네이버,그런데 이번에 씽큐 허브가 네이버 클로바와 만나 더 재미난 서비스를,NA,NA,NA,NA
8269,8270,8270,8,네이버,네이버 클로바 어플을 다운로드해,NA,NA,NA,NA
8270,8271,8271,8,네이버,이제부터 네이버 뮤직으로 더 많은 음악을 듣고,NA,NA,NA,NA
8271,8272,8272,8,네이버,네이버 뮤직으로 내가 좋아라하는 방탄소년단과 워너원,NA,NA,NA,NA
8272,8273,8273,8,네이버,나눠주니 그 어떤 베프보다 친근하다 네이버 클로바와 만나 더욱더 활용성이 높아진,NA,NA,NA,NA
8273,8274,8274,8,네이버,씽큐허브에 탑재된 네이버 클로바는음성명령으로 네이버 지식 검색 음악,NA,NA,NA,NA
8274,8275,8275,8,네이버,씽큐허브에 탑재된 네이버 클로바는음성명령으로 네이버 지식 검색 음악 추천 한국어,NA,NA,NA,NA
8275,8276,8276,8,네이버,가속도를 내고 있어 19 일 네이버 인공지능 플랫폼 네이버 클로바를 탑재한,NA,NA,NA,NA
8276,8277,8277,8,네이버,19 일 네이버 인공지능 플랫폼 네이버 클로바를 탑재한 ' 씽큐허브 ',NA,NA,NA,NA
8277,8278,8278,8,네이버,후 처음 내 놓은 성과물입니다 네이버 클로바를 넣은 이번 신제품은 음악뿐만아니라,NA,NA,NA,NA
8278,8279,8279,8,네이버,생활정보 뉴스 검색 팟캐스트 등 네이버 클로바가 제공하는 다양한 네이버 인공지능,NA,NA,NA,NA
8279,8280,8280,8,네이버,등 네이버 클로바가 제공하는 다양한 네이버 인공지능 서비스를 더했습니다 예를 들면,NA,NA,NA,NA
8280,8281,8281,8,네이버,강남역까지의 거리뿐만아니라 경로 예상소요시간을 말해줍니다 네이버 인공지능을 넣은 씽큐허브는 간단한 음성만으로,NA,NA,NA,NA
8281,8282,8282,8,네이버,로맨틱한 음악 틀어줘 ' 라고말하면 네이버 클로바가 제안하는 음악들을 들을 수,NA,NA,NA,NA
8282,8283,8283,8,플랫폼,바로 네이버가 선보인 AI 플랫폼 ' 클로바 ' 의 씽큐,NA,NA,NA,NA
8283,8284,8284,8,플랫폼,허브는 지난 해 네이버의 인공지능 플랫폼 클로바와 연동이 되면서 더더욱 활용의,NA,NA,NA,NA
8284,8285,8285,8,플랫폼,더불어 높은 생활 편의성을 제공하는 플랫폼 서비스를 확대,NA,NA,NA,NA
8285,8286,8286,8,플랫폼,검색 등의 네이버 인공지능 플랫폼 ' 클로바 ' 가,NA,NA,NA,NA
8286,8287,8287,8,플랫폼,씽큐 허브가 이번에 네이버의 인공지능 플랫폼 클로바와 콜라보를 이룬 업데이트를 실시했습니다,NA,NA,NA,NA
8287,8288,8288,8,플랫폼,네이버의 AI 음식인식 비서 플랫폼 ' 클로바 ' 는 LG,NA,NA,NA,NA
8288,8289,8289,8,플랫폼,카카오가 개발한 AI 플랫폼 ' 카카오 i ' 와,NA,NA,NA,NA
8289,8290,8290,8,플랫폼,i ' 와 삼성전자의 AI 플랫폼 ' 빅스비 ' 가 서로,NA,NA,NA,NA
8290,8291,8291,8,플랫폼,광고를 공략하는 새로운 인공지능 광고 플랫폼 베타서비스에 들어갔다,NA,NA,NA,NA
8291,8292,8292,8,플랫폼,쇼핑 검색으로 이뤄진 ' 비즈니스 플랫폼 ' 부문은 네이버 전체 매출에서,NA,NA,NA,NA
8292,8293,8293,8,플랫폼,가능한 것은 바로 네이버의 인공지능 플랫폼 Clova 와 함께 하기 때문입니다,NA,NA,NA,NA
8293,8294,8294,8,플랫폼,네이버가 지난해 5 월 AI 플랫폼 클로바를 출시하면서 AI 시장에 출사표를,NA,NA,NA,NA
8294,8295,8295,8,플랫폼,오픈 플랫폼 ' ' 오픈 파트너십 ',NA,NA,NA,NA
8295,8296,8296,8,플랫폼,파트너십 ' 전략 기반 AI 플랫폼 확대 LG 전자 생활가전이 음성인식,NA,NA,NA,NA
8296,8297,8297,8,플랫폼,LG 전자는 ' 오픈 플랫폼 ( Open Platform ) ',NA,NA,NA,NA
8303,8304,8304,8,플랫폼,' 인공지능 스피커가 네이버의 인공지능 플랫폼 ' 클로바 ' 를 탑재하였다고,NA,NA,NA,NA
8304,8305,8305,8,플랫폼,신청을 받음 LG 네이버 AI 플랫폼 탑재된 AI 스피커 출시 LG,NA,NA,NA,NA
8305,8306,8306,8,플랫폼,출시 LG 전자는 네이버의 AI 플랫폼 ' 클로바 ' 를 탑재한,NA,NA,NA,NA
8306,8307,8307,8,플랫폼,가전과 인공지능 가전을 활용한 스마트홈 플랫폼 등 ' 제 4 차,NA,NA,NA,NA
8307,8308,8308,8,플랫폼,국내 통신사 협력의 플랫폼 개발 전문 기업 아이콘트롤스 :,NA,NA,NA,NA
8308,8309,8309,8,플랫폼,국내 통신사 협력의 플랫폼 개발 전문 기업 5G 도,NA,NA,NA,NA
8309,8310,8310,8,플랫폼,등 생활가전에 시범적으로 아마존의 인공지능 플랫폼 알렉사 연동 서비스를 지원하고 곧,NA,NA,NA,NA
8310,8311,8311,8,플랫폼,스피커인 씽크 허브에 네이버 AI 플랫폼 클로바를 탑재해 재출시했습니다,NA,NA,NA,NA
8311,8312,8312,8,플랫폼,2017 ' 에서 자사 AI 플랫폼 ' 클로바 ' 를 처음,NA,NA,NA,NA
8312,8313,8313,8,플랫폼,될 것으로 보인다 카카오는 AI 플랫폼 ' 카카오 아이 ( I,NA,NA,NA,NA
8313,8314,8314,8,플랫폼,인공지능 플랫폼 카카오 i 의 최대 무기는,NA,NA,NA,NA
8314,8315,8315,8,플랫폼,패밀리 허브 등의 시도와는 달리 플랫폼 서열을 명확하게 나누고 있다,NA,NA,NA,NA
8315,8316,8316,8,플랫폼,삼성은 스마트폰 경쟁에서 안드로이드의 플랫폼 역량에 호되게 당한 경험이 있다,NA,NA,NA,NA
8316,8317,8317,8,플랫폼,삼성은 수년 동안 들은 ' 플랫폼 역량이 부족하다,NA,NA,NA,NA
8317,8318,8318,8,플랫폼,영원한 오명으로 남을지 아니면 플랫폼 역량까지 갖춘 다른 존재가 될지,NA,NA,NA,NA
8318,8319,8319,8,플랫폼,플랫폼,NA,NA,NA,NA
8322,8323,8323,8,플랫폼,LG 전자는 최근 네이버의 인공지능 플랫폼 ' 클로바 ( Clova ),NA,NA,NA,NA
8324,8325,8325,8,플랫폼,아마존 에코는 아마존의 음성인식 인공지능 플랫폼 ' 알렉사 ' 를 탑재한,NA,NA,NA,NA
8325,8326,8326,8,플랫폼,V30 에 구글의 음성인식 AI 플랫폼 ' 구글 어시스턴트 ' 한국어,NA,NA,NA,NA
8327,8328,8328,8,플랫폼,생활정보 뉴스 등 네이버 인공지능 플랫폼 ' 클로바 ' 가 제공하는,NA,NA,NA,NA
8328,8329,8329,8,플랫폼,검색 팟캐스트 등 네이버 인공지능 플랫폼 ' 클로바 ' 가 제공하는,NA,NA,NA,NA
8329,8330,8330,8,플랫폼,있고 작년 말에는 네이버 인공지능 플랫폼 클로바까지 지원하는 LG 씽큐 허브를,NA,NA,NA,NA
8330,8331,8331,8,플랫폼,검색 팟캐스트 등 네이버 인공지능 플랫폼 클로바가 제공하는 다양한 콘텐츠도 이용할,NA,NA,NA,NA
8332,8333,8333,8,플랫폼,7 종에 구글 음성인식 인공지능 플랫폼,NA,NA,NA,NA
8333,8334,8334,8,플랫폼,구글 음성인식 인공지능 플랫폼 구글 어시스턴트는 LG 전자가 31,NA,NA,NA,NA
8334,8335,8335,8,플랫폼,인공지능 관련주 영세성 + 글로벌 플랫폼 부재 + 원천기술과 역량 부족,NA,NA,NA,NA
8335,8336,8336,8,플랫폼,인공지능 기반인 빅데이터 플랫폼,NA,NA,NA,NA
8336,8337,8337,8,플랫폼,내부에서는 음성인식 스피커 외부에서는 스마트폰이 플랫폼 될 것,NA,NA,NA,NA
8338,8339,8339,8,플랫폼,인공지능과 결합된 자율주행 전기차 기반의 플랫폼 커넥티비티를 위한 이종산업간 합종연횡이다,NA,NA,NA,NA
8339,8340,8340,8,플랫폼,BMW 자율주행 플랫폼 iNext 위해 Intel 과 협력,NA,NA,NA,NA
8340,8341,8341,8,플랫폼,Amazon 의 플랫폼 Alexa 인공지능 / 음성인식 플랫폼,NA,NA,NA,NA
8341,8342,8342,8,플랫폼,플랫폼 Alexa 인공지능 / 음성인식 플랫폼 스마트홈 로봇과 자율주행차에 반드시 필요,NA,NA,NA,NA
8342,8343,8343,8,플랫폼,▣ 주요기업 인공지능 플랫폼,NA,NA,NA,NA
8343,8344,8344,8,플랫폼,키움증권 ) ▣ 인공지능 플랫폼 / 게임 산업의 멀지않은 미래,NA,NA,NA,NA
8344,8345,8345,8,플랫폼,LG 전자와 네이버가 협업하여 인공지능 플랫폼 ' 클로바 ' 가 탑재된,NA,NA,NA,NA
8345,8346,8346,8,플랫폼,카카오와 제휴 계약을 체결하여 인공지능 플랫폼 ' 빅스비 ' 를 탑재한,NA,NA,NA,NA
8346,8347,8347,8,플랫폼,와 LG 전자의 독자 AI 플랫폼 ' 딥씽큐 ( DeepThinQ ),NA,NA,NA,NA
8347,8348,8348,8,플랫폼,LG 는 독자적인 음성인식 인공지능 플랫폼 개발에 성공해내지 못했다,NA,NA,NA,NA
8348,8349,8349,8,플랫폼,LG 전자의 자체 AI 플랫폼 ' 딥씽큐 ' 를 탑재한,NA,NA,NA,NA
8349,8350,8350,8,플랫폼,) LG 전자의 기존 스마트홈 플랫폼 브랜드 ' 스마트 씽큐 (,NA,NA,NA,NA
8350,8351,8351,8,플랫폼,딥러닝이 적용된 인공지능 기술명 ( 플랫폼 ) 이라고 보면 될 것,NA,NA,NA,NA
8351,8352,8352,8,플랫폼,이전에 소개한 애플의 스마트홈이 플랫폼 중심인 것에 반해 삼성전자와 LG,NA,NA,NA,NA
8354,8355,8355,8,플랫폼,있어 19 일 네이버 인공지능 플랫폼 네이버 클로바를 탑재한 ' 씽큐허브,NA,NA,NA,NA
8355,8356,8356,8,플랫폼,대화 검색 등 네이버의 인공지능 플랫폼 ' 클로바 ' 가 제공하는,NA,NA,NA,NA
8356,8357,8357,8,탑재,최근 Wi Fi 탑재 모델들을 대거 출시하고 있기 때문에,NA,NA,NA,NA
8357,8358,8358,8,탑재,변경점은 네이버 뮤직 스트리밍 서비스 탑재 네이버 클로바 음성 서비스 탑재입니다,NA,NA,NA,NA
8358,8359,8359,8,탑재,가전일 경우 ( 와이파이 미 탑재 제품 ) 센서를 제품에 부착,NA,NA,NA,NA
8359,8360,8360,8,탑재,삼성 2020 년까지 전제품 탑재 · · · 첫 AI,NA,NA,NA,NA
8360,8361,8361,8,탑재,탑재,NA,NA,NA,NA
8361,8362,8362,8,탑재,라인프렌즈 AI 스피커에 퀄컴 프로세서 탑재 3,NA,NA,NA,NA
8362,8363,8363,8,탑재,터치 디스플레이 탑재 LG 디오스 냉장고 : OS,NA,NA,NA,NA
8363,8364,8364,8,탑재,디오스 냉장고 : OS 윈도우 탑재 ( 삼성 패밀리허브는 자체 OS,NA,NA,NA,NA
8364,8365,8365,8,탑재,IFA 2016 ' 에서 알렉사 탑재 ' 스마트씽큐 허브 ( SmartThinQ,NA,NA,NA,NA
8365,8366,8366,8,탑재,원거리 음성인식 ' 기능도 최초로 탑재 스마트폰이 멀리 있어도 말 한마디로,NA,NA,NA,NA
8366,8367,8367,8,탑재,인공지능 본격화 스마트폰에 음성인식 인공지능 탑재 + 인공지능 / 음성인식 스피커,NA,NA,NA,NA
8367,8368,8368,8,탑재,2017 년 스마트폰에 음성인식 인공지능 탑재,NA,NA,NA,NA
8368,8369,8369,8,탑재,기술 빅스비 ( Bixby ) 탑재,NA,NA,NA,NA
8369,8370,8370,8,탑재,날씨 · 환율 정보까지고성능 스피커를 탑재 기존처럼 블루투스로 스마트폰과 연결해 음악을,NA,NA,NA,NA
8370,8371,8371,8,기술,미국은 우리나라에 비해 더 빠른 기술 발전과 상용화를 이뤘다,NA,NA,NA,NA
8371,8372,8372,8,기술,기술 덕분에 엄마는 오늘도 아이만 두고,NA,NA,NA,NA
8372,8373,8373,8,기술,예정 KT 5G 에서의 AI 기술 표준화 나서 KT 는 국제전기통신연합,NA,NA,NA,NA
8373,8374,8374,8,기술,음성인식 기술 인공지능 ( AI ) 스피커는,NA,NA,NA,NA
8374,8375,8375,8,기술,때로는 친구로 영화 속의 음성인식 기술 액션 영화를 좋아하는 분들이라면 음성인식,NA,NA,NA,NA
8376,8377,8377,8,기술,포털기업들의 인공지능 ( AI ) 기술 고도화 대결이 치열하기 벌어지고 있는,NA,NA,NA,NA
8377,8378,8378,8,기술,기술 소식에 익숙한 독자라면 최근 타이젠,NA,NA,NA,NA
8378,8379,8379,8,기술,상태를 실시간 반영해 자율주행을 돕는 기술 인공지능 스피커 NUGU 의 경량화,NA,NA,NA,NA
8379,8380,8380,8,기술,네이버크로바 기술 적용,NA,NA,NA,NA
8380,8381,8381,8,기술,전자는 독자 개발한 딥 러닝 기술 ' 딥씽큐 ' 를 탑재한,NA,NA,NA,NA
8381,8382,8382,8,기술,다른 기업들이 사용하고 있는 AI 기술 ( 구글 어시스턴트 아마존 알렉사,NA,NA,NA,NA
8382,8383,8383,8,기술,▣ 인공지능 ( AI ) 기술 스마트 시대의 중심 집 내부에서는,NA,NA,NA,NA
8383,8384,8384,8,기술,: 자사 인공지능 기술 빅스비 ( Bixby ) 탑재,NA,NA,NA,NA
8384,8385,8385,8,기술,MS ' 코타나 ' 기술 기반으로 하만카돈의 스피커를 선보일 예정,NA,NA,NA,NA
8385,8386,8386,8,기술,아마존에서 개발한 AI 기반 음성인식 기술 Alexa 는 음성인식과 인공지능을 지원하는,NA,NA,NA,NA
8386,8387,8387,8,기술,서버에서 최적화된 답을 찾아주는 인공지능 기술 사용자가 고급영어로 말하지 않더라도 영어발음,NA,NA,NA,NA
8387,8388,8388,8,기술,개발 플랫폼으로 핵심은 5G 통신 기술,NA,NA,NA,NA
8388,8389,8389,8,기술,/ 디스플레이 밸류체인 기업 자율주행 기술 상용화 지원 기술 보유 nVidia,NA,NA,NA,NA
8389,8390,8390,8,기술,기업 자율주행 기술 상용화 지원 기술 보유 nVidia : 그래픽 처리,NA,NA,NA,NA
8390,8391,8391,8,기술,자율주행의 필수 기술 Qualcomm : 커넥티드카 구현에 적합한,NA,NA,NA,NA
8391,8392,8392,8,기술,이해능력 등을 컴퓨터 프로그램으로 실현한 기술,NA,NA,NA,NA
8392,8393,8393,8,기술,가 붙고 다른 기업들의 AI 기술 ( 구글 어시스턴트 아마존 알렉사,NA,NA,NA,NA
8393,8394,8394,8,지원,아직 일부에 불과하지만 점차 지원 제품을 확대할 예정입니다,NA,NA,NA,NA
8394,8395,8395,8,지원,살고 있어서 이런 개별적인 사물인터넷 지원 기기들이 더욱 반가운 입장이지요,NA,NA,NA,NA
8395,8396,8396,8,지원,클로바 / 샐리야 3 가지 지원 ) 국 끓이고 반찬 만들고,NA,NA,NA,NA
8396,8397,8397,8,지원,한국어 영어 일어 중국어 번역 지원 ) ' 분위기 좋은 음악,NA,NA,NA,NA
8397,8398,8398,8,지원,스피커 형 제품 음성 알림 지원,NA,NA,NA,NA
8398,8399,8399,8,지원,기존 고급형허브라고 하는 장비는 음성 지원 부분이 동일하지만 IOT 관련 디바이스에,NA,NA,NA,NA
8399,8400,8400,8,지원,( Wemo ) 등 알렉사 지원 스마트 디바이스를 연계해서 사용할 수,NA,NA,NA,NA
8400,8401,8401,8,지원,사물인터넷 ) 기기 2 종을 지원 중 입니다,NA,NA,NA,NA
8401,8402,8402,8,지원,등 다양한 가전을 지원하며 지속적으로 지원 기기들을 넓혀 나갈 예정이라고 합니다,NA,NA,NA,NA
8402,8403,8403,8,지원,제품 대여 및 소정의 원고료를 지원 받아 작성한 글입니다,NA,NA,NA,NA
8403,8404,8404,8,지원,또한 NFC 지원 스마트폰과 손쉽게 태그 방식으로 블루투스,NA,NA,NA,NA
8404,8405,8405,8,지원,활동의 일환으로 LG 전자로부터 취재비를 지원 받았으나 주관적으로 작성했습니다,NA,NA,NA,NA
8405,8406,8406,8,지원,행동을 추천해 의사결정을 내릴수 있도록 지원,NA,NA,NA,NA
8406,8407,8407,8,지원,밸류체인 기업 자율주행 기술 상용화 지원 기술 보유 nVidia : 그래픽,NA,NA,NA,NA
8407,8408,8408,8,지원,* 스마트씽큐센서 - 스마트씽큐 센서를 지원 가능한 전자제품 및 문 벽,NA,NA,NA,NA
8408,8409,8409,8,지원,Google Assistant 및 Amazon Alexa 지원 - True Color Accuracy LG,NA,NA,NA,NA
8449,8450,8450,8,기반,( 실외공기는 AccuWeather 사이트 데이터 기반 표시 ) 알림 기능을 통해,NA,NA,NA,NA
8450,8451,8451,8,기반,' 오픈 파트너십 ' 전략 기반 AI 플랫폼 확대 LG 전자,NA,NA,NA,NA
8453,8454,8454,8,기반,여기에 빅데이터 기반 머신러닝 기술을 장착해 착석자의 자세를,NA,NA,NA,NA
8454,8455,8455,8,기반,출시한 갤럭시 S8 부터 AI 기반 음성비서인 ' Bixby ' 를,NA,NA,NA,NA
8455,8456,8456,8,기반,제조사들이 앞다투어 출시하고 있는 음성인식 기반 AI 스피커 시장이 2021 년에는,NA,NA,NA,NA
8456,8457,8457,8,기반,음성인식 기반 스마트홈 시스템,NA,NA,NA,NA
8457,8458,8458,8,기반,최근 이슈가 되고 있는 음성인식 기반 인공지능 스피커 제품들입니다,NA,NA,NA,NA
8458,8459,8459,8,기반,KT ) 노르웨이 사업 기반 AMI 해외 사업 턴어라운드 기대,NA,NA,NA,NA
8459,8460,8460,8,기반,키움 ) IOT 기반 Indoor LBS 성장성 부각 -126p,NA,NA,NA,NA
8460,8461,8461,8,기반,즉 기반 자체가 아마존 에코와 동일하다는 뜻이다,NA,NA,NA,NA
8461,8462,8462,8,기반,기반,NA,NA,NA,NA
8465,8466,8466,8,기반,개인의 취향과 관심사에 집중한 인공지능 기반 주변정보 추천 서비스를 내놓을 예정입니다,NA,NA,NA,NA
8466,8467,8467,8,기반,네이버는 인공지능 기반 지역검색 프로젝트인 ' ConA (,NA,NA,NA,NA
8467,8468,8468,8,기반,IFA 2017 에 전시된 음성인식 기반 인공지능 ( AI ) 플랫폼을,NA,NA,NA,NA
8468,8469,8469,8,기반,인공지능 기반 음성인식 에이디칩스,NA,NA,NA,NA
8469,8470,8470,8,기반,아마존에서 개발한 AI 기반 음성인식 기술 Alexa 는 음성인식과,NA,NA,NA,NA
8470,8471,8471,8,기반,거인들이 선도하는 자율주행 nVidia Deep-learning 기반 자율주행 현실화,NA,NA,NA,NA
8471,8472,8472,8,기반,터치 기반 UI 플랫폼이 등장했는데요,NA,NA,NA,NA
8472,8473,8473,8,기반,기업은 차세대 UI 플랫폼으로 텍스트 기반 입력이 아닌 ' 음성 ',NA,NA,NA,NA
8473,8474,8474,8,기반,또한 터치 기반과 달리 음성 기반 조작은 쉽게 배우고 사용할 수,NA,NA,NA,NA
8474,8475,8475,8,기반,제어하는 게 낯설지 않듯 음성인식 기반 UI 플랫폼은 인공지능 스피커 뿐만,NA,NA,NA,NA
8475,8476,8476,8,기반,TV 로 앱 및 인터넷 기반 콘텐츠를 즐기십시오,NA,NA,NA,NA
8476,8477,8477,8,적용,지난 2 월에는 적용 차량을 기존에 출고된 현대기아차로 확대했다,NA,NA,NA,NA
8478,8479,8479,8,적용,적용,NA,NA,NA,NA
8479,8480,8480,8,적용,인공지능 ( AI ) 기술을 적용 AI 생태계 강화에 나섰다,NA,NA,NA,NA
8480,8481,8481,8,적용,BMW 와 Volvo 에 적용 중,NA,NA,NA,NA
8481,8482,8482,8,적용,Huawei ( 스마트폰 ) 에 적용 Google 과 손잡은 FCA 의,NA,NA,NA,NA
8482,8483,8483,8,적용,스마트폰용 강화유리 고릴라 글래스를 커넥티드카에 적용 시도 ▣ 스마트 팩토리 인공지능,NA,NA,NA,NA
8483,8484,8484,8,카카오,최근 네이버 클로바 외에도 카카오 미니 SK 텔레콤 누구 (,NA,NA,NA,NA
8484,8485,8485,8,카카오,카카오,NA,NA,NA,NA
8485,8486,8486,8,카카오,제조회사들과 제휴 구도를 완성한 네이버와 카카오 중 누가 승자가 될지 주목하고,NA,NA,NA,NA
8486,8487,8487,8,카카오,카카오가 자신의 인공지능 플랫폼인 ' 카카오 i ' 에 삼성전자의 인공지능,NA,NA,NA,NA
8487,8488,8488,8,카카오,카카오가 개발한 AI 플랫폼 ' 카카오 i ' 와 삼성전자의 AI,NA,NA,NA,NA
8488,8489,8489,8,카카오,또 빅스비를 통해 ' 카카오 i ' 기반의 다양한 콘텐츠와,NA,NA,NA,NA
8489,8490,8490,8,카카오,네이버와 카카오 등 포털회사들은 인공지능 스피커를 통해,NA,NA,NA,NA
8490,8491,8491,8,카카오,국내에서도 SKT KT 네이버 카카오 등이 AI 음성비서 디바이스를 출시했는데요,NA,NA,NA,NA
8491,8492,8492,8,카카오,네이버와 카카오 SKT 에서 출시한 제품이 음성,NA,NA,NA,NA
8492,8493,8493,8,카카오,' 의 경우 카카오톡을 포함한 카카오 애플리케이션을 활용할 수 있다는 것이,NA,NA,NA,NA
8493,8494,8494,8,카카오,년 여름가격 : 160 달러 카카오 미니출시일 : 2017 년 11,NA,NA,NA,NA
8494,8495,8495,8,카카오,보인다 카카오는 AI 플랫폼 ' 카카오 아이 ( I ) ',NA,NA,NA,NA
8495,8496,8496,8,카카오,카카오 AI 기술을 적용한,NA,NA,NA,NA
8496,8497,8497,8,카카오,제품에는 ' 카카오 인사이드 ' 라는 인증마크를 부여하고,NA,NA,NA,NA
8497,8498,8498,8,카카오,인공지능 플랫폼 카카오 i 의 최대 무기는 ',NA,NA,NA,NA
8498,8499,8499,8,카카오,카카오는 지난 12 일 삼성전자와 카카오 아이를 토대로 스마트 생활 가전,NA,NA,NA,NA
8499,8500,8500,8,카카오,비서 ' 빅스비 ' 에 카카오 아이를 연동하는 데도 손을 잡았습니다,NA,NA,NA,NA
8500,8501,8501,8,카카오,카카오톡이나 카카오의 AI 스피커 ' 카카오 미니 ' 로 삼성전자의 냉장고,NA,NA,NA,NA
8501,8502,8502,8,카카오,카카오 관계자는 ' 이용자가 좋아할만한 광고를,NA,NA,NA,NA
8502,8503,8503,8,카카오,삼성전자 · 카카오,NA,NA,NA,NA
8503,8504,8504,8,카카오,카카오의,NA,NA,NA,NA
8504,8505,8505,8,카카오,미래 ) 네이버 · 카카오 가세 … 볼륨 커지는 ',NA,NA,NA,NA
8505,8506,8506,8,카카오,위해 LG- 네이버 삼성 - 카카오 연합군이 탄생하였다고 합니다,NA,NA,NA,NA
8506,8507,8507,8,카카오,네이버 카카오 입장에서는 삼성 LG 라는 가전,NA,NA,NA,NA
8507,8508,8508,8,개발,개발 스피커에,NA,NA,NA,NA
8508,8509,8509,8,개발,수많은 IT 기업들 역시 앞다투어 개발 중에 있습니다,NA,NA,NA,NA
8509,8510,8510,8,개발,인공지능 ( AI ) 스피커를 개발 중인 것으로 알려졌습니다,NA,NA,NA,NA
8511,8512,8512,8,개발,국내 통신사 협력의 플랫폼 개발 전문 기업 5G 도 엔텔스를,NA,NA,NA,NA
8513,8514,8514,8,개발,그런데 스마트 스피커를 개발 중이라는 얘기가 삼성 측에서 나왔다,NA,NA,NA,NA
8515,8516,8516,8,개발,엔터테인먼트 로봇 등 개발 오픈베이스,NA,NA,NA,NA
8516,8517,8517,8,개발,' 출범 Go 는 자율주행차 개발 플랫폼으로 핵심은 5G 통신 기술,NA,NA,NA,NA
8517,8518,8518,8,개발,적합한 5G 통신용 모뎀 칩 개발 NXP / 켐트로닉스 : 차량간,NA,NA,NA,NA
8518,8519,8519,8,개발,Vehicle ) 용 반도체 모듈 개발 Corning : 스마트폰용 강화유리 고릴라,NA,NA,NA,NA
8519,8520,8520,8,개발,Labs ) 인수 후 AI 개발 강화 LG 전자 인공지능 전략,NA,NA,NA,NA
8520,8521,8521,8,개발,있을 뿐더러 수년동안의 음석 인식 개발 연구에 힘 써왔기 때문입니다,NA,NA,NA,NA
8521,8522,8522,8,개발,' 는 최근 인수한 실리콘밸리의인공지능 개발 기업 ' 비브 랩스 ',NA,NA,NA,NA
8522,8523,8523,8,개발,삼성전자는 최근 인수한 실리콘밸리의 인공지능 개발 기업 ' 비브 랩스 ',NA,NA,NA,NA
8524,8525,8525,8,인공지능,아직까지는 한참 모자라 보이는 음성인식 인공지능 ( AI ) 스피커 개발과,NA,NA,NA,NA
8525,8526,8526,8,인공지능,네이버와 LG 전자는 앞서 인공지능 분야에 협력하기로 발표한 바 있습니다,NA,NA,NA,NA
8526,8527,8527,8,인공지능,아니라 구글 아마존과도 손잡고 개방형 인공지능 스마트홈 전략을 펼치고 있습니다,NA,NA,NA,NA
8527,8528,8528,8,인공지능,올해 출시된 인공지능 스스로 에어컨과 퓨리케어 360 도,NA,NA,NA,NA
8528,8529,8529,8,인공지능,드린 것처럼 LG 스마트씽큐 허브로 인공지능 ( AI ) 기능 블루투스,NA,NA,NA,NA
8529,8530,8530,8,인공지능,' 이라고 음성명령을 해 보니 인공지능 ( AI ) 기능이,NA,NA,NA,NA
8530,8531,8531,8,인공지능,란 생각을 들게 했던 인공지능 스피커 LG 씽큐 허브와 함께,NA,NA,NA,NA
8531,8532,8532,8,인공지능,게다가 인공지능 스피커를 기반으로 했던 LG 씽큐,NA,NA,NA,NA
8532,8533,8533,8,인공지능,씽큐 허브는 지난 해 네이버의 인공지능 플랫폼 클로바와 연동이 되면서 더더욱,NA,NA,NA,NA
8533,8534,8534,8,인공지능,그렇지만 일단 기본은 블루투스 인공지능 스피커에 속하는 이 녀석 평소,NA,NA,NA,NA
8534,8535,8535,8,인공지능,주목할 것은 지난 해부터 네이버 인공지능 클로바와 LG 씽큐 허브가 연동이,NA,NA,NA,NA
8535,8536,8536,8,인공지능,우선 인공지능 클로바에서 LG 스마트 씽큐 어플을,NA,NA,NA,NA
8536,8537,8537,8,인공지능,방법은 아주 간단한데 저는 이런 인공지능 플랫폼에 익숙하지 않아 조금 헤매긴,NA,NA,NA,NA
8537,8538,8538,8,인공지능,인공지능 플랫폼인 클로바와 연동했을 경우 LG,NA,NA,NA,NA
8538,8539,8539,8,인공지능,인 저에게는 아주 만족도가 높은 인공지능 스피커인 셈,NA,NA,NA,NA
8539,8540,8540,8,인공지능,ㅎ 인공지능 스피커 LG 씽큐 허브와 함께,NA,NA,NA,NA
8540,8541,8541,8,인공지능,대한 소비자의 관심이 높아지며 다양한 인공지능 스피커가 출시되고 있는데요,NA,NA,NA,NA
8541,8542,8542,8,인공지능,NAVER 인공지능 플랫폼인 ' Clova ' 를,NA,NA,NA,NA
8542,8543,8543,8,인공지능,여기에 타 인공지능 스피커와 달리 가전까지 연동되어 더,NA,NA,NA,NA
8543,8544,8544,8,인공지능,LG 전자 인공지능 스피커 스마트씽큐 허브는 스마트씽큐 앱에,NA,NA,NA,NA
8544,8545,8545,8,인공지능,스마트홈을 실현하게 해 주는 제품으로 인공지능 스피커입니다,NA,NA,NA,NA
8545,8546,8546,8,인공지능,인공지능,NA,NA,NA,NA
8546,8547,8547,8,인공지능,ㅠㅋㅋㅋ ; 제대로 인공지능 만났다,NA,NA,NA,NA
8547,8548,8548,8,인공지능,이어질 LG 전자 인공지능 ( AI ) 스피커 스마트씽큐,NA,NA,NA,NA
8548,8549,8549,8,인공지능,이어 올해 역시 최대 화두는 인공지능 ( AI ) 인 것,NA,NA,NA,NA
8549,8550,8550,8,인공지능,( ThinQ ) ' 라는 인공지능 브랜드를 론칭하고 다양한 가전제품에 AI,NA,NA,NA,NA
8550,8551,8551,8,인공지능,다양한 가전제품에 AI 기술을 탑재하여 인공지능 선도 기업이라는 이미지를 굳혔는데요,NA,NA,NA,NA
8551,8552,8552,8,인공지능,직접 LG 씽큐존을 살펴봤었고 현재까지 인공지능 스스로 에어컨 휘센 ThinQ 및,NA,NA,NA,NA
8552,8553,8553,8,인공지능,G7 ThinQ 씽큐 허브 등의 인공지능 기술이 적용된 제품을 직접 사용하며,NA,NA,NA,NA
8553,8554,8554,8,인공지능,요리가 끝나도 알려주는 등 다양한 인공지능 서비스를 제공하기 때문에 더 큰,NA,NA,NA,NA
8554,8555,8555,8,인공지능,인공지능 ( AI ) 은,NA,NA,NA,NA
8556,8557,8557,8,인공지능,같은 역할을 해주는 것이 있다면 인공지능 ( AI ) 기능을 갖춘,NA,NA,NA,NA
8557,8558,8558,8,인공지능,든든한 비서가 되어줄 LG 전자의 인공지능 스피커 스마트씽큐 허브 2,NA,NA,NA,NA
8558,8559,8559,8,인공지능,LG 인공지능 스피커 스마트씽큐 허브를 살펴보면 상측에는,NA,NA,NA,NA
8559,8560,8560,8,인공지능,작동시켜주는 역할을 하는 홈 IoT 인공지능 디바이스 입니다,NA,NA,NA,NA
8560,8561,8561,8,인공지능,인공지능 ( artificial intelligence ) 줄여서,NA,NA,NA,NA
8561,8562,8562,8,인공지능,로봇과 인공지능 ( AI ) 바이오와 디지털,NA,NA,NA,NA
8563,8564,8564,8,인공지능,노래를 부르는 SK 인공지능 스피커 NUGU 원하는 누구나를 위한다면누구도,NA,NA,NA,NA
8564,8565,8565,8,인공지능,누구나를 위한다면누구도 되어줄 수 있는 인공지능 NUGU 원하신다면,NA,NA,NA,NA
8565,8566,8566,8,인공지능,인공지능 스피커의 인기가 날로 높아지고 있는데요국내,NA,NA,NA,NA
8568,8569,8569,8,인공지능,제공하는 인공지능 라이프를,NA,NA,NA,NA
8572,8573,8573,8,인공지능,관심이 증폭하면서 최근에는 이를 적용한 인공지능 스피커의 출시도 초를 다투고 있지요,NA,NA,NA,NA
8573,8574,8574,8,인공지능,이런 추세에 부응하면서 출시된 LG 인공지능 스피커 LG 씽큐 허브 역시,NA,NA,NA,NA
8574,8575,8575,8,인공지능,ㅎ 인공지능 스피커 LG 씽큐 허브의 경우,NA,NA,NA,NA
8575,8576,8576,8,인공지능,이런 씽큐 허브가 이번에 네이버의 인공지능 플랫폼 클로바와 콜라보를 이룬 업데이트를,NA,NA,NA,NA
8576,8577,8577,8,인공지능,드는 제 생애 첫 LG 인공지능 스피커라 요즘 저의 사랑을 듬뿍,NA,NA,NA,NA
8577,8578,8578,8,인공지능,된 네이버 클로바는 음성지원이 가능한 인공지능 어플입니다,NA,NA,NA,NA
8578,8579,8579,8,인공지능,기본적으로 음성지원 인공지능 어플이라 저렇게 마이크 표시가 떠주는군요,NA,NA,NA,NA
8579,8580,8580,8,인공지능,이제 LG 인공지능 스피커 씽큐 허브가 아닌 스마트폰에서도,NA,NA,NA,NA
8580,8581,8581,8,인공지능,국내 인공지능 기술력에 대해 다시 한 번,NA,NA,NA,NA
8581,8582,8582,8,인공지능,인공지능 스피커 시장을 둘러싸고 연합군 구도가,NA,NA,NA,NA
8582,8583,8583,8,인공지능,네이버와 카카오는 각기 자신들이 개발한 인공지능 및 음성인식 소프트웨어를 탑재해 줄,NA,NA,NA,NA
8583,8584,8584,8,인공지능,월 14 일 카카오가 자신의 인공지능 플랫폼인 ' 카카오 i ',NA,NA,NA,NA
8584,8585,8585,8,인공지능,카카오 i ' 에 삼성전자의 인공지능 플랫폼인 ' 빅스비 ' 와,NA,NA,NA,NA
8585,8586,8586,8,인공지능,19 일 네이버가 LG 전자의 인공지능 스피커인 ' 씽큐허브 ( ThinQ,NA,NA,NA,NA
8586,8587,8587,8,인공지능,Hub ) ' 에 자사의 인공지능 플랫폼인 ' 클로바 ' 탑재를,NA,NA,NA,NA
8587,8588,8588,8,인공지능,제품을 내놓는 회사들은 인공지능 스피커 시장의 높은 성장력을 보고,NA,NA,NA,NA
8588,8589,8589,8,인공지능,모바일 트렌드 ' 보고서에서 올해 인공지능 스피커 이용자가 미국 내에서만 3600,NA,NA,NA,NA
8589,8590,8590,8,인공지능,억 2000 만달러 정도였던 세계 인공지능 스피커 시장 규모가 2021 년에는,NA,NA,NA,NA
8590,8591,8591,8,인공지능,네이버와 카카오 등 포털회사들은 인공지능 스피커를 통해 소프트웨어 생태계를 만드는,NA,NA,NA,NA
8591,8592,8592,8,인공지능,생태계를 만드는 작업을 하는 동시에 인공지능 소프트웨어를 활용한 비즈니스 모델 공략도,NA,NA,NA,NA
8592,8593,8593,8,인공지능,내놨고 카카오는 광고를 공략하는 새로운 인공지능 광고 플랫폼 베타서비스에 들어갔다,NA,NA,NA,NA
8593,8594,8594,8,인공지능,카카오는 11 월 20 일 인공지능 기술을 적용한 새로운 광고 서비스,NA,NA,NA,NA
8594,8595,8595,8,인공지능,인공지능 AI 가 우리의 삶에 점점,NA,NA,NA,NA
8595,8596,8596,8,인공지능,인공지능 기능이 탑재된,NA,NA,NA,NA
8596,8597,8597,8,인공지능,인공지능 스피커 LG 스마트씽큐 허브를 깨우기,NA,NA,NA,NA
8597,8598,8598,8,인공지능,적어도 스마트폰과 연결되는 인공지능 블루투스 스피커의 역할만으로도 유용하게 사용할,NA,NA,NA,NA
8598,8599,8599,8,인공지능,인공지능 AI 스피커를 할부 및 약정의,NA,NA,NA,NA
8599,8600,8600,8,인공지능,내놓고 치열한 lOT 선점 및 인공지능 시장을 향해 각축전을 벌이고 있습니다,NA,NA,NA,NA
8600,8601,8601,8,인공지능,3 대 통신사가 내놓은 값비싼 인공지능 AI 스피커보다 분명 성능이나 인지도에서는,NA,NA,NA,NA
8601,8602,8602,8,인공지능,세계 굴지의 회사들에서 내놓은 인공지능 AI 스피커에 대고 음성 명령을,NA,NA,NA,NA
8602,8603,8603,8,인공지능,없는 사용성을 강조하고 있고 무엇보다 인공지능 기술에 집중되어 있습니다,NA,NA,NA,NA
8603,8604,8604,8,인공지능,구글 홈이나 애플의 홈팟등 가정용 인공지능 오디오를 겨냥한 것으로 보이는데 그,NA,NA,NA,NA
8604,8605,8605,8,인공지능,이게 가능한 것은 바로 네이버의 인공지능 플랫폼 Clova 와 함께 하기,NA,NA,NA,NA
8605,8606,8606,8,인공지능,연동된 스마트폰에 ' 내 손안의 인공지능 비서 ' 클로바 앱을 설치해야,NA,NA,NA,NA
8606,8607,8607,8,인공지능,LG 씽큐 허브는 현재 출시된 인공지능 스피커 중에서 제원이 상당히 좋은,NA,NA,NA,NA
8607,8608,8608,8,인공지능,LG 스마트씽큐 허브는 인공지능 ( AI ) 스피커라고 볼,NA,NA,NA,NA
8608,8609,8609,8,인공지능,스마트씽큐 허브는 인공지능 ( AI ) 스피커라음성명령도 가능한,NA,NA,NA,NA
8609,8610,8610,8,인공지능,요즘 시장의 화두 중에 하나는 인공지능 스피커입니다,NA,NA,NA,NA
8610,8611,8611,8,인공지능,이 제품은 블루투스 스피커 역할 인공지능 그리고 홈 IoT 허브 기능을,NA,NA,NA,NA
8611,8612,8612,8,인공지능,얼마 전 방송에서 왜 이러한 인공지능 제품들이 스피커로 제작되는지에 대해서 이야기를,NA,NA,NA,NA
8612,8613,8613,8,인공지능,LG 전자 인공지능 스피커 스마트씽큐 허브 바탕 화면에서는,NA,NA,NA,NA
8613,8614,8614,8,인공지능,또한 LG 전자 인공지능 스피커 스마트씽큐 허브는 일정과 타이머,NA,NA,NA,NA
8614,8615,8615,8,인공지능,또한 LG 인공지능 스피커 스마트씽큐 허브는 대화와 정보,NA,NA,NA,NA
8615,8616,8616,8,인공지능,오늘은 이렇게 LG 전자 인공지능 스피커 스마트씽큐 허브가 제공하고 있는,NA,NA,NA,NA
8616,8617,8617,8,인공지능,요즘 가정마다 인공지능 스피커 사용하는 모습을 심심치 않게,NA,NA,NA,NA
8617,8618,8618,8,인공지능,인공지능 스피커를 통해 필요한 정보를 얻는,NA,NA,NA,NA
8618,8619,8619,8,인공지능,그리고 네이버 인공지능 플랫폼인 클로바 협업을 통해 다양한,NA,NA,NA,NA
8619,8620,8620,8,인공지능,LG 씽큐 허브 인공지능 스피커는 집안에서 사용하는 여러 가전제품을,NA,NA,NA,NA
8620,8621,8621,8,인공지능,맛있는 냄새가 나요 ' 하며 인공지능 스피커를 통해 알려주고요,NA,NA,NA,NA
8621,8622,8622,8,인공지능,CES 2017 에서 LG 전자는 인공지능 AI 스피커 ' 스마트씽큐 허브,NA,NA,NA,NA
8622,8623,8623,8,인공지능,인공지능 ( AI ) 이라는 용어에,NA,NA,NA,NA
8623,8624,8624,8,인공지능,반면 심심할 때는 LG 전자 인공지능 AI 스피커와 간단한 대화를 나누는,NA,NA,NA,NA
8624,8625,8625,8,인공지능,인공지능 ( AI ) 기능이 접목되어,NA,NA,NA,NA
8625,8626,8626,8,인공지능,즐겨 보는 입장에서 LG 전자 인공지능 AI 스피커의 출현은 상당히 반가웠습니다,NA,NA,NA,NA
8626,8627,8627,8,인공지능,' 라고 말하면 LG 전자 인공지능 AI 스피커에서 ' 얼마 동안이요,NA,NA,NA,NA
8627,8628,8628,8,인공지능,지금까지 인공지능 AI 스피커을 통해 어떻게 실,NA,NA,NA,NA
8628,8629,8629,8,인공지능,CES2018 과 모바일월드콩그레스 MWC2018 에서 인공지능 ( AI ) 이 핵심,NA,NA,NA,NA
8629,8630,8630,8,인공지능,확대 LG 전자 생활가전이 음성인식 인공지능 플랫폼을 계속 확장하며 스마트홈 시장을,NA,NA,NA,NA
8630,8631,8631,8,인공지능,' 전시회에서 LG 생활가전을 아마존의 인공지능 스피커 ' 아마존 에코 (,NA,NA,NA,NA
8631,8632,8632,8,인공지능,에코 ' 는 아마존의 음성인식 인공지능 비서 ' 알렉사 ( Alexa,NA,NA,NA,NA
8632,8633,8633,8,인공지능,연결시킴으로써 더 많은 소비자들이 음성인식 인공지능 플랫폼을 활용한 스마트홈을 경험할 수,NA,NA,NA,NA
8633,8634,8634,8,인공지능,' 외에 자체 개발한 음성인식 인공지능 플랫폼도 활용하고 있다,NA,NA,NA,NA
8634,8635,8635,8,인공지능,올해 4 월 출시한 인공지능 스피커 ' 스마트씽큐 허브 ',NA,NA,NA,NA
8635,8636,8636,8,인공지능,출시한 ' 언어 학습 ' 인공지능 에어컨 인천국제공항에서 시범 서비스 중인,NA,NA,NA,NA
8636,8637,8637,8,인공지능,) ' 전략을 기반으로 고객들이 인공지능 가전을 경험할 수 있도록 하고,NA,NA,NA,NA
8637,8638,8638,8,인공지능,이에 맞춰 음성인식 인공지능 플랫폼도 꾸준히 확대할 계획이다,NA,NA,NA,NA
8638,8639,8639,8,인공지능,전자는 IFA 2017 전시회에서 음성인식 인공지능 가전 외에도 각종 홈 IoT,NA,NA,NA,NA
8659,8660,8660,8,인공지능,핵미사일을 우주로 가져가려 하자 그의 인공지능 비서 ' 자비스 ( J,NA,NA,NA,NA
8660,8661,8661,8,인공지능,하지만 인공지능 ( AI ) 의 발전은,NA,NA,NA,NA
8662,8663,8663,8,인공지능,소리를 재생해주는 음향기기로 인식되기 마련이지만 인공지능 스피커는 손을 사용하지 않고 사람과,NA,NA,NA,NA
8663,8664,8664,8,인공지능,인공지능 스피커의 차이는 무엇일까요,NA,NA,NA,NA
8664,8665,8665,8,인공지능,존재하는 다양한 가전제품이나 디지털 기기들이 인공지능 스피커와 연동되어 사용자의 행동을 데이터로,NA,NA,NA,NA
8665,8666,8666,8,인공지능,연동되어 사용자의 행동을 데이터로 저장하고 인공지능 스피커는 그것을 활용하여 스스로 발전함과,NA,NA,NA,NA
8666,8667,8667,8,인공지능,활동할수록 더 막대한 데이터가 축적되고 인공지능 스피커는 사용자에 대해 더 자세히,NA,NA,NA,NA
8667,8668,8668,8,인공지능,바탕으로 허브 디바이스의 역할을 가진 인공지능 스피커로 우리는 더 고차원적인 기능들을,NA,NA,NA,NA
8668,8669,8669,8,인공지능,이처럼 우리의 삶을 통째로 바꿀만한 인공지능 스피커의 가능성을 일찌감치 예견한,NA,NA,NA,NA
8669,8670,8670,8,인공지능,인공지능 스피커 시장의 규모는 2015 년,NA,NA,NA,NA
8670,8671,8671,8,인공지능,국내외를 가리지 않고 눈독을 들이는 인공지능 스피커 시장의 경쟁은 더욱 치열해질,NA,NA,NA,NA
8671,8672,8672,8,인공지능,물론 인공지능 스피커가 긍정적인 면만 있는 것은,NA,NA,NA,NA
8672,8673,8673,8,인공지능,쉴틈없이 사용자의 음성데이터를 수집하는 과정이나 인공지능 스피커의 해킹 시,NA,NA,NA,NA
8673,8674,8674,8,인공지능,최근 떠오르는 인공지능 스피커에 대해 알아보았습니다,NA,NA,NA,NA
8674,8675,8675,8,인공지능,텍스토리 사용자 여러분들은 인공지능 스피커로 어떤 기능을 경험하고 싶으신가요,NA,NA,NA,NA
8675,8676,8676,8,인공지능,우리 모두가 자비스 부럽지 않은 인공지능 비서와 함께하길 기대합니다,NA,NA,NA,NA
8676,8677,8677,8,인공지능,스마트한 인공지능 AI 스피커 LG 스마트씽큐 허브,NA,NA,NA,NA
8677,8678,8678,8,인공지능,정지 볼륨을 높이거나 낮추는 등음성인식으로 인공지능 스피커 LG 스마트씽큐 허브를간단하게 조작할,NA,NA,NA,NA
8678,8679,8679,8,인공지능,ㅎㅎ LG 전자 인공지능 스피커로우리 집은 스마트홈,NA,NA,NA,NA
8679,8680,8680,8,인공지능,인공지능 스피커라고 하는데,NA,NA,NA,NA
8680,8681,8681,8,인공지능,제품들은 스마트폰에 의해 조정되고 혹은 인공지능 기술로 자동으로 구동되는 게 가능해졌다,NA,NA,NA,NA
8681,8682,8682,8,인공지능,회사원 A 씨가 최근 구입한 인공지능 스피커는 그의 수면 비서 역할을,NA,NA,NA,NA
8682,8683,8683,8,인공지능,HD 카메라 도어락 스피커 그리고 인공지능 스피커 등과도 연동이 가능하다,NA,NA,NA,NA
8683,8684,8684,8,인공지능,삼성은 스마트싱스 허브를 자사의 인공지능 비서 서비스인 빅스비와 통합해 활용할,NA,NA,NA,NA
8684,8685,8685,8,인공지능,LG 전자는 자사의 인공지능 스피커인 씽큐 허브를 통해 음성,NA,NA,NA,NA
8685,8686,8686,8,인공지능,아울러 북미 인공지능 스피커 시장의 95 % 를,NA,NA,NA,NA
8686,8687,8687,8,인공지능,를 점유하고 있는 아마존과 구글의 인공지능 플랫폼에서도 LG 전자 제품을 제어할,NA,NA,NA,NA
8687,8688,8688,8,인공지능,인공지능 침대의 경우 인공지능 음성인식 플랫폼과,NA,NA,NA,NA
8688,8689,8689,8,인공지능,인공지능 침대의 경우 인공지능 음성인식 플랫폼과 연계 모션베드에 장착된,NA,NA,NA,NA
8689,8690,8690,8,인공지능,또 인공지능 스피커와 연동해 ' 공기청정기를 켜줘,NA,NA,NA,NA
8690,8691,8691,8,인공지능,서비스를 즐길 수 있는 ) 인공지능 스피커인 네이버 클로버프렌즈 + 아이는,NA,NA,NA,NA
8691,8692,8692,8,인공지능,프렌즈 + 스피커는 말로 작동하는 인공지능 스피커라 어린아이들조차 친근하게 이용하는데요,NA,NA,NA,NA
8693,8694,8694,8,인공지능,LG 전자와 네이버가 인공지능 분야에서 손을 잡았습니다,NA,NA,NA,NA
8694,8695,8695,8,인공지능,전자 ' 씽큐 허브 ' 인공지능 스피커가 네이버의 인공지능 플랫폼 ',NA,NA,NA,NA
8695,8696,8696,8,인공지능,허브 ' 인공지능 스피커가 네이버의 인공지능 플랫폼 ' 클로바 ' 를,NA,NA,NA,NA
8696,8697,8697,8,인공지능,양사가 올해 초 인공지능 분야에서 협력하기로 발표한 후 처음,NA,NA,NA,NA
8697,8698,8698,8,인공지능,4 월 LG 전자 자체 인공지능 플랫폼을 탑재해 선보인 바 있는,NA,NA,NA,NA
8698,8699,8699,8,인공지능,검색 팟캐스트 등 클로바의 다양한 인공지능 서비스가 추가되었습니다,NA,NA,NA,NA
8699,8700,8700,8,인공지능,가전 모니터링과 제어에 특화된 인공지능 허브기기 역할과 동시에 클로바 인공지능,NA,NA,NA,NA
8700,8701,8701,8,인공지능,인공지능 허브기기 역할과 동시에 클로바 인공지능 서비스 이용이 모두 가능하게 되었습니다,NA,NA,NA,NA
8703,8704,8704,8,인공지능,월 자회사 라인과 공동으로 개발한 인공지능 플랫폼인 ' Clova ' 를,NA,NA,NA,NA
8704,8705,8705,8,인공지능,여기저기 요즘 인공지능 열풍입니다,NA,NA,NA,NA
8705,8706,8706,8,인공지능,클라우드가 아닌 디바이스 상에서 일부 인공지능 ( AI ) 기능이 구현되는,NA,NA,NA,NA
8706,8707,8707,8,인공지능,요리를 하느라 양손이 바쁠 때 인공지능 스피커인 LG 스마트씽큐 허브 덕분에,NA,NA,NA,NA
8707,8708,8708,8,인공지능,' 스마트씽큐 허브 ' 라는 인공지능 스피커를 통해서 ' 씽큐 ',NA,NA,NA,NA
8708,8709,8709,8,인공지능,인공지능 비서입니다,NA,NA,NA,NA
8709,8710,8710,8,인공지능,9 단을 이겨서 유명해진 구글의 인공지능 알파고와 구글 AI 오픈소스인 텐서플로,NA,NA,NA,NA
8710,8711,8711,8,인공지능,수 있는 일상 버전의 구글 인공지능 서비스입니다,NA,NA,NA,NA
8711,8712,8712,8,인공지능,구글 인공지능 서비스입니다,NA,NA,NA,NA
8712,8713,8713,8,인공지능,앞으로는 침대에 누워서 인공지능 비서인 스마트홈 기기가 추천해주는 영화를,NA,NA,NA,NA
8713,8714,8714,8,인공지능,못해 표류하던 국내 팹리스 업계가 인공지능 ( AI ) 스피커 붐을,NA,NA,NA,NA
8714,8715,8715,8,인공지능,제어할 수 있는 LG 의 인공지능 스피커인스마트씽큐 허브를 사용하게 되었는데요,NA,NA,NA,NA
8715,8716,8716,8,인공지능,ㅎㅎ 이게 다 인공지능 ( AI ) 기능 갖춘스마트씽큐,NA,NA,NA,NA
8717,8718,8718,8,인공지능,LG 전자가 자체 개발한 음성인식 인공지능 플랫폼을 탑재해 지난 4 월,NA,NA,NA,NA
8718,8719,8719,8,인공지능,인공지능 ( AI ) 스피커로 나도,NA,NA,NA,NA
8719,8720,8720,8,인공지능,인공지능 스피커가 스마트 홈 시대를 열면서,NA,NA,NA,NA
8720,8721,8721,8,인공지능,인공지능 스피커란 손으로 기기를 일일이 조작할,NA,NA,NA,NA
8721,8722,8722,8,인공지능,시장조사업체 가트너에 따르면 인공지능 ( AI ) 스피커 시장,NA,NA,NA,NA
8722,8723,8723,8,인공지능,음성인식 기술 인공지능 ( AI ) 스피커는 이미,NA,NA,NA,NA
8723,8724,8724,8,인공지능,보여줬던 자비스와 프라이데이에 이어 스파이더맨에는 인공지능 비서 ' 캐런 ' 이,NA,NA,NA,NA
8724,8725,8725,8,인공지능,인공지능 비서 ' 캐런 ' 은,NA,NA,NA,NA
8725,8726,8726,8,인공지능,첨단산업의 발전으로 우리 삶에 인공지능 기술이 점점 가까워져 오는 만큼,NA,NA,NA,NA
8727,8728,8728,8,인공지능,대화로 소통할 수 있는 ' 인공지능 ( AI ) 스피커 ',NA,NA,NA,NA
8728,8729,8729,8,인공지능,KT 애플과 구글에 이어 삼성전자까지도 인공지능 ( AI ) 스피커 개발에,NA,NA,NA,NA
8729,8730,8730,8,인공지능,최근 IT 업계의 행보에 발맞춰 인공지능 ( AI ) 스피커를 개발,NA,NA,NA,NA
8730,8731,8731,8,인공지능,국내외 기업들이 각축전을 벌이고 있는 인공지능 ( AI ) 스피커 시장의,NA,NA,NA,NA
8731,8732,8732,8,인공지능,하지만 인공지능 ( AI ) 스피커는 이러한,NA,NA,NA,NA
8732,8733,8733,8,인공지능,기기를 이용할 수 있는 것이 인공지능 ( AI ) 스피커의 핵심,NA,NA,NA,NA
8733,8734,8734,8,인공지능,인공지능 ( AI ) 스피커가 생긴,NA,NA,NA,NA
8734,8735,8735,8,인공지능,가지 기능을 장착하게 되었는데요 이러한 인공지능 스피커의 핵심 경쟁력은 바로 사용자들로부터,NA,NA,NA,NA
8735,8736,8736,8,인공지능,바로 인공지능 ( AI ) 스피커가 집안의,NA,NA,NA,NA
8736,8737,8737,8,인공지능,허브 디바이스로 활용할 인공지능 ( AI ) 스피커가 있다면,NA,NA,NA,NA
8737,8738,8738,8,인공지능,인공지능 ( AI ) 스피커 우리에게,NA,NA,NA,NA
8738,8739,8739,8,인공지능,인공지능 ( AI ) 스피커는 우리,NA,NA,NA,NA
8739,8740,8740,8,인공지능,인공지능 ( AI ) 스피커를 이용하는,NA,NA,NA,NA
8740,8741,8741,8,인공지능,인공지능 스피커 시장의 경쟁이 치열해지는 만큼,NA,NA,NA,NA
8741,8742,8742,8,인공지능,지금까지 인공지능 ( AI ) 스피커 사용의,NA,NA,NA,NA
8742,8743,8743,8,인공지능,인공지능 ( AI ) 스피커가 인간의,NA,NA,NA,NA
8744,8745,8745,8,인공지능,LG 인공지능 스피커 스마트씽큐 허브는 집안의 모든,NA,NA,NA,NA
8746,8747,8747,8,인공지능,인공지능 스피커 LG 스마트씽큐 허브는 LG,NA,NA,NA,NA
8747,8748,8748,8,인공지능,영국의 데일리 텔라그라프는 애플이 인공지능 음성 비서 서비스 시리를 탑재한,NA,NA,NA,NA
8748,8749,8749,8,인공지능,음성 비서 서비스 시리를 탑재한 인공지능 스피커를 개발했으며 출시 전 준비,NA,NA,NA,NA
8749,8750,8750,8,인공지능,이슈가 되고 있는 음성인식 기반 인공지능 스피커 제품들입니다,NA,NA,NA,NA
8750,8751,8751,8,인공지능,남고 가전제품 제조사 제품의 경우 인공지능 측면에서 아쉬움이 있었는데요,NA,NA,NA,NA
8751,8752,8752,8,인공지능,통해 대답을 들을 수 있는 인공지능 스피커 제품입니다,NA,NA,NA,NA
8752,8753,8753,8,인공지능,또한 아이가 있는 집에서 인공지능 스피커를 사용하시는 분들이 유용하게 사용하시는,NA,NA,NA,NA
8753,8754,8754,8,인공지능,LG 씽큐 허브 제품이 타 인공지능 스피커와 가지는 차이점은 바로 가전제품을,NA,NA,NA,NA
8754,8755,8755,8,인공지능,IoT 허브 기능과 함께 업그레이드된 인공지능 기능을 갖추게 되었습니다,NA,NA,NA,NA
8755,8756,8756,8,인공지능,말씀드린 것처럼 현재 출시되어 있는 인공지능 스피커들은 각 브랜드만의 길을 걷고,NA,NA,NA,NA
8756,8757,8757,8,인공지능,제품은 각자 아쉬움이었던 홈 IoT 인공지능 분야를 협업을 통해서 해결할 수,NA,NA,NA,NA
8757,8758,8758,8,인공지능,강남 본점에 마련된 체험공간에서 모델들이 인공지능 스피커 ' 씽큐 허브 ',NA,NA,NA,NA
8758,8759,8759,8,인공지능,제품이 없어서 그냥 그림의 떡이었던 인공지능 스피커,NA,NA,NA,NA
8759,8760,8760,8,인공지능,주요 업체 현황 ▣ 가전산업에 인공지능 바람,NA,NA,NA,NA
8760,8761,8761,8,인공지능,가전제품의 인공지능 탑재는 스마트홈 시장의 본격화를 의미한다,NA,NA,NA,NA
8761,8762,8762,8,인공지능,지금 시도되고 있다 Alexa : 인공지능 / 음성인식의 구체화 CES2017 의,NA,NA,NA,NA
8762,8763,8763,8,인공지능,는 Amazon 이 개발해서 공개한 인공지능 / 음성인식 플렛폼으로 이를 기반으로,NA,NA,NA,NA
8763,8764,8764,8,인공지능,' 브랜드 공개 스마트 가전과 인공지능 가전을 활용한 스마트홈 플랫폼 등,NA,NA,NA,NA
8764,8765,8765,8,인공지능,유진 ) 가전산업의 새로운 변화 인공지능 ( 17 / 03 /,NA,NA,NA,NA
8765,8766,8766,8,인공지능,) 스마트카와 자율주행차 그리고 IoT 인공지능 ( 16 / 12 /,NA,NA,NA,NA
8766,8767,8767,8,인공지능,신한 ) 인공지능 AI 셋톱박스 출시 ( 127,NA,NA,NA,NA
8767,8768,8768,8,인공지능,한창 유행하던 시기를 넘어 이제는 인공지능 스피커가 그 자리를 차지하게 되었습니다,NA,NA,NA,NA
8768,8769,8769,8,인공지능,최근 여러곳에서 인공지능 스피커를 출시했으며 각각 특징이 분명하게,NA,NA,NA,NA
8769,8770,8770,8,인공지능,분명하게 나뉘기도 하는데 LG 의 인공지능 스피커 스마트 씽큐 허브 또한,NA,NA,NA,NA
8770,8771,8771,8,인공지능,특히나 최근 네이버의 인공지능 서비스인 네이버 클로바 업데이트를 진행하면서,NA,NA,NA,NA
8771,8772,8772,8,인공지능,인공지능 스피커의 현재는 어떨까요,NA,NA,NA,NA
8772,8773,8773,8,인공지능,날씨 정보 등을 음성으로 물어보고 인공지능 스피커가 답하는 방식이 보편적입니다,NA,NA,NA,NA
8773,8774,8774,8,인공지능,다른 인공지능 스피커와의 큰 차이점은 LG 의,NA,NA,NA,NA
8774,8775,8775,8,인공지능,클로바 서비스를 지원하면서 더 세밀해진 인공지능 서비스를 느낄수 있습니다,NA,NA,NA,NA
8775,8776,8776,8,인공지능,인공지능 기능이 두뇌와 같다면 손발이 되어,NA,NA,NA,NA
8776,8777,8777,8,인공지능,스마트폰과 스마트 가전에 인공지능 기술이 녹아들면서 다양한 관련 제품들이,NA,NA,NA,NA
8777,8778,8778,8,인공지능,아마도 이러한 스피커 형태의 인공지능 개인비서 겸 스마트 허브는 한동안,NA,NA,NA,NA
8778,8779,8779,8,인공지능,CES 2017 에서 스피커 형식의 인공지능 개인비서인 ' 스마트 어시스턴트 ',NA,NA,NA,NA
8779,8780,8780,8,인공지능,스피커 형식의 인공지능 스마트 허브로 출시된 제품들은 대부분,NA,NA,NA,NA
8780,8781,8781,8,인공지능,스마트 어시스턴트는 가장 중점적인 기능인 인공지능 음성 서비스를 아마존의 알렉사 (,NA,NA,NA,NA
8781,8782,8782,8,인공지능,음성을 인식해서 명령어를 실행해주는 인공지능 스피커로 엘지 가전제품을 연동해서 컨트롤할,NA,NA,NA,NA
8783,8784,8784,8,인공지능,제균 탈취나 특급 냉동도 그때그때 인공지능 스피커를 통해 실행할 수 있어요,NA,NA,NA,NA
8784,8785,8785,8,인공지능,그 시작을 똑똑한 인공지능 스피커인 LG 씽큐 허브로 해보면,NA,NA,NA,NA
8785,8786,8786,8,인공지능,를 컨셉으로 하는 LG 의 인공지능 ' 씽큐 ' 는 구글의,NA,NA,NA,NA
8786,8787,8787,8,인공지능,일반 가정에서 자주 사용하는 가전을 인공지능 및 음성인식을 통해 실행하고 소통하는,NA,NA,NA,NA
8787,8788,8788,8,인공지능,아마존 에코는 아마존의 음성인식 인공지능 플랫폼이 적용된 스피커로 이를 통해,NA,NA,NA,NA
8788,8789,8789,8,인공지능,여기에 자체 개발한 음성인식 인공지능 플랫폼인 스마트씽큐 허브 역시 관심의,NA,NA,NA,NA
8789,8790,8790,8,인공지능,기능을 조절할 수 있는 학습 인공지능 에어컨을 시연하는 등 단순히 가전을,NA,NA,NA,NA
8790,8791,8791,8,인공지능,세탁기 등 생활가전에 시범적으로 아마존의 인공지능 플랫폼 알렉사 연동 서비스를 지원하고,NA,NA,NA,NA
8791,8792,8792,8,인공지능,구글 대화형 인공지능 디바이스 어시스턴트는 높이 약 15cm,NA,NA,NA,NA
8793,8794,8794,8,인공지능,TV 인공지능,NA,NA,NA,NA
8797,8798,8798,8,인공지능,요즘은 LG 전자 인공지능 ( AI ) 스피커인스마트씽큐 허브가,NA,NA,NA,NA
8798,8799,8799,8,인공지능,LG 스마트씽큐 허브는 인공지능 스피커라대화하듯 음성으로 제어가 가능해요,NA,NA,NA,NA
8799,8800,8800,8,인공지능,일단 LG AI ( 인공지능 ) 스피커를 통해음악을 들으려면,NA,NA,NA,NA
8801,8802,8802,8,인공지능,^ ^ LG AI ( 인공지능 ) 스피커를 활용할다양한 음성 명령,NA,NA,NA,NA
8802,8803,8803,8,인공지능,켜 놓으면음성인식을 못하는데 LG 전자 인공지능 스피커는음악을 켜 놓은 상태에서도음성명령이 가능해,NA,NA,NA,NA
8803,8804,8804,8,인공지능,서비스 중에서 가장 사용해보고 싶었던 인공지능 API 인 클로바 CSR 을,NA,NA,NA,NA
8804,8805,8805,8,인공지능,인공지능 스피커 놀라울 따름이라며 ♪ ',NA,NA,NA,NA
8805,8806,8806,8,인공지능,이제는 더 다양한 홈 IoT 인공지능 스피커,NA,NA,NA,NA
8807,8808,8808,8,인공지능,LG 와 네이버는 인공지능 분야에 협력하기로 합의한 후 처음으로,NA,NA,NA,NA
8808,8809,8809,8,인공지능,등 네이버 클로바가 제공하는 다양한 인공지능 서비스를 이용할 수 있습니다,NA,NA,NA,NA
8812,8813,8813,8,인공지능,인공지능 ( AI ) 과,NA,NA,NA,NA
8813,8814,8814,8,인공지능,인공지능 ( AI ) 을,NA,NA,NA,NA
8816,8817,8817,8,인공지능,국내 포털기업들의 인공지능 ( AI ) 기술 고도화,NA,NA,NA,NA
8817,8818,8818,8,인공지능,가운데 AI 스피커에 이어 다음 인공지능 활용서비스를 누가 주도하게 될지에 관심이,NA,NA,NA,NA
8818,8819,8819,8,인공지능,인공지능 플랫폼 카카오 i 의 최대,NA,NA,NA,NA
8819,8820,8820,8,인공지능,이용자 개인의 취향과 관심사에 집중한 인공지능 기반 주변정보 추천 서비스를 내놓을,NA,NA,NA,NA
8820,8821,8821,8,인공지능,네이버는 인공지능 기반 지역검색 프로젝트인 ' ConA,NA,NA,NA,NA
8821,8822,8822,8,인공지능,위치 정보에 기반한 새로운 형태의 인공지능 플랫폼을 준비중입니다,NA,NA,NA,NA
8822,8823,8823,8,인공지능,이 시스템은 빅데이터 분석과 인공지능 기술을 활용해 잠재 고객을 찾아,NA,NA,NA,NA
8823,8824,8824,8,인공지능,수 있다 ' 라며 ' 인공지능 기술을 통해 타겟팅 고도화가 빠르게,NA,NA,NA,NA
8824,8825,8825,8,인공지능,인공지능 플랫폼을 선점하기 위한 국내 메이저,NA,NA,NA,NA
8825,8826,8826,8,인공지능,연결해주고 사용자의 취향 환경을 학습하는 인공지능 가전이 LG 에서 말하는 ThinQ,NA,NA,NA,NA
8826,8827,8827,8,인공지능,인공지능 가전이 앞으로 우리 생활을 어떻게,NA,NA,NA,NA
8827,8828,8828,8,인공지능,다양한 느낌으로 LG 씽큐를 표현해서 인공지능 가전과 예술이 함께한 작품들입니다,NA,NA,NA,NA
8828,8829,8829,8,인공지능,있는데요 노래를 틀어주고 정보도 알려주는 인공지능 스피커가 요즘 유행이죠,NA,NA,NA,NA
8829,8830,8830,8,인공지능,싱큐 허브의 음성인식 인공지능 기능으로,NA,NA,NA,NA
8830,8831,8831,8,인공지능,이외에도 엘지전자에서는 인공지능 기술을 통해 밖에서 실내의 가전제품을,NA,NA,NA,NA
8831,8832,8832,8,인공지능,LG 휘센 인공지능 에어컨 LG 씽큐 허브 스타벅스,NA,NA,NA,NA
8832,8833,8833,8,인공지능,삼성은 인공지능 ( AI ) 분야에서 도움이,NA,NA,NA,NA
8833,8834,8834,8,인공지능,실시간 반영해 자율주행을 돕는 기술 인공지능 스피커 NUGU 의 경량화 모델,NA,NA,NA,NA
8834,8835,8835,8,인공지능,AR 을 이용한 유아용 앱 인공지능 스피커 기가지니,NA,NA,NA,NA
8835,8836,8836,8,인공지능,가 적용된 가전제품을 통합적으로 관리하는 인공지능 스피커,NA,NA,NA,NA
8836,8837,8837,8,인공지능,기능 시연 QLED TV : 인공지능 음성인식,NA,NA,NA,NA
8859,8860,8860,8,인공지능,' 클로바 ' 를 인공지능,NA,NA,NA,NA
8860,8861,8861,8,인공지능,개발한 인공지능,NA,NA,NA,NA
8864,8865,8865,8,인공지능,장점은 인공지능,NA,NA,NA,NA
8870,8871,8871,8,인공지능,LG 전자는 최근 네이버의 인공지능 플랫폼 ' 클로바 ( Clova,NA,NA,NA,NA
8872,8873,8873,8,인공지능,클로바 ' 가 제공하는 다양한 인공지능 서비스를 더했습니다,NA,NA,NA,NA
8873,8874,8874,8,인공지능,가전 모니터링 및 제어에 특화된 인공지능 허브기기 역할뿐 아니라 클로바 ',NA,NA,NA,NA
8874,8875,8875,8,인공지능,아니라 클로바 ' 의 폭넓은 인공지능 서비스 제공이 모두 가능하게 되었습니다,NA,NA,NA,NA
8875,8876,8876,8,인공지능,인공지능 스피커와 연동하는 제품은 냉장고 세탁기,NA,NA,NA,NA
8886,8887,8887,8,인공지능,생활가전 스마트폰 등 주요 제품군에 인공지능 ( AI ) 기술을 적용,NA,NA,NA,NA
8887,8888,8888,8,인공지능,생활가전 주요제품에 LG V30 등 인공지능 ( AI ) 기술을 적용한,NA,NA,NA,NA
8888,8889,8889,8,인공지능,최근 LG 전자는 자체 인공지능 기술을 적용한 제품 · 서비스를,NA,NA,NA,NA
8889,8890,8890,8,인공지능,에서 스마트폰 에어컨 공기청정기 등 인공지능 기술이 적용된 제품을 소개하고 있다,NA,NA,NA,NA
8890,8891,8891,8,인공지능,아마존 에코는 아마존의 음성인식 인공지능 플랫폼 ' 알렉사 ' 를,NA,NA,NA,NA
8894,8895,8895,8,인공지능,' 집에 들어와 거실에 있는 인공지능 ( AI ) 스피커 ',NA,NA,NA,NA
8895,8896,8896,8,인공지능,특히 LG 전자가 글로벌 인공지능 브랜드 ' 씽큐 ( ThinQ,NA,NA,NA,NA
8896,8897,8897,8,인공지능,ThinQ ) ' 를 앞세워 인공지능 스마트홈 생태계 확장에 속도를 내고,NA,NA,NA,NA
8897,8898,8898,8,인공지능,◇ LG 전자의 인공지능 브랜드 ' 씽큐 ' LG,NA,NA,NA,NA
8898,8899,8899,8,인공지능,' LG 전자는 지난해 말 인공지능 브랜드 ' 씽큐 ' 를,NA,NA,NA,NA
8899,8900,8900,8,인공지능,' 씽큐 ' 는 인공지능 기술이 탑재된 LG 전자의 제품과,NA,NA,NA,NA
8900,8901,8901,8,인공지능,' 가 들어가있으면 해당 제품에 인공지능 기술이 탑재되어 있음을 직관적으로 알,NA,NA,NA,NA
8901,8902,8902,8,인공지능,고객들은 이곳에서 LG 가 제안하는 인공지능 라이프스타일을 미리 경험해 볼 수,NA,NA,NA,NA
8902,8903,8903,8,인공지능,밖에서도 공간의 경계 없는 통합적 인공지능 경험을 제공할 계획이다,NA,NA,NA,NA
8903,8904,8904,8,인공지능,에어컨 등 다양한 제품 포트폴리오에 인공지능 기술을 접목시키고 있다,NA,NA,NA,NA
8904,8905,8905,8,인공지능,◇ 인공지능 탑재한 ' 씽큐 ' 제품,NA,NA,NA,NA
8905,8906,8906,8,인공지능,제품 라인업 확대 LG 전자는 인공지능 ' 씽큐 ' 제품 라인업을,NA,NA,NA,NA
8906,8907,8907,8,인공지능,지난해 11 월 인공지능 스피커 ' 씽큐 허브 ',NA,NA,NA,NA
8907,8908,8908,8,인공지능,TV 스마트폰 로봇청소기 세탁기 분야에서 인공지능 ' 씽큐 ' 제품을 출시했다,NA,NA,NA,NA
8908,8909,8909,8,인공지능,가전 모니터링 및 제어에 특화된 인공지능 허브기기이자 AI 스피커다,NA,NA,NA,NA
8909,8910,8910,8,인공지능,교통 생활정보 뉴스 등 네이버 인공지능 플랫폼 ' 클로바 ' 가,NA,NA,NA,NA
8910,8911,8911,8,인공지능,휘센 씽큐 에어컨 : ' 인공지능 스마트케어 ' 를 탑재한 LG,NA,NA,NA,NA
8911,8912,8912,8,인공지능,TV AI 씽큐는 독자 개발한 인공지능 화질엔진 ' 알파 9 ',NA,NA,NA,NA
8912,8913,8913,8,인공지능,인공지능 로봇청소기 LG 코드제로 R9 씽큐는,NA,NA,NA,NA
8913,8914,8914,8,인공지능,코드제로 R9 씽큐는 더 똑똑한 인공지능 강력한 청소성능 고객을 배려한 편의기능,NA,NA,NA,NA
8914,8915,8915,8,인공지능,또 ' 인공지능 스마트 터보 ' 를 탑재해,NA,NA,NA,NA
8915,8916,8916,8,인공지능,원하는 장소만 선택해서 청소하는 ' 인공지능 마이존 ' 기능도 있다 ㆍLG,NA,NA,NA,NA
8916,8917,8917,8,인공지능,따라 세탁 옵션을 스스로 설정해주는 인공지능 세탁기다,NA,NA,NA,NA
8917,8918,8918,8,인공지능,인공지능 비서 네이버 클로바 _ 다양한,NA,NA,NA,NA
8918,8919,8919,8,인공지능,LG 전자 인공지능 씽큐 체험존 서울 - -,NA,NA,NA,NA
8919,8920,8920,8,인공지능,- - LG 전자가 고객들이 인공지능 ' 씽큐 ( ThinQ ),NA,NA,NA,NA
8920,8921,8921,8,인공지능,서울 강남구에 위치한 베스트샵 강남본점에 인공지능 ' 씽큐 ' 를 체험할,NA,NA,NA,NA
8921,8922,8922,8,인공지능,고객들은 이곳에서 LG 전자의 인공지능 스피커 ' 씽큐 허브 (,NA,NA,NA,NA
8922,8923,8923,8,인공지능,TV AI 씽큐 등 다양한 인공지능 제품 및 IoT 가전 ·,NA,NA,NA,NA
8923,8924,8924,8,인공지능,' 씽큐 ' 가 제공하는 인공지능 라이프스타일을 경험할 수 있다,NA,NA,NA,NA
8924,8925,8925,8,인공지능,특히 고객들은 LG 전자의 인공지능 스피커 ' 씽큐 허브 ',NA,NA,NA,NA
8925,8926,8926,8,인공지능,뉴스 검색 팟캐스트 등 네이버 인공지능 플랫폼 ' 클로바 ' 가,NA,NA,NA,NA
8926,8927,8927,8,인공지능,향후 LG 전자는 인공지능 ' 씽큐 ' 의 체험,NA,NA,NA,NA
8927,8928,8928,8,인공지능,LG 전자가 지난해 말 런칭한 인공지능 브랜드로 다양한 인공지능 기술을 탑재한,NA,NA,NA,NA
8928,8929,8929,8,인공지능,말 런칭한 인공지능 브랜드로 다양한 인공지능 기술을 탑재한 LG 전자의 제품과,NA,NA,NA,NA
8929,8930,8930,8,인공지능,관람객들에게 LG 전자만의 차별화되고 통합적인 인공지능 경험을 선사한 바 있다,NA,NA,NA,NA
8930,8931,8931,8,인공지능,모바일을 아우르는 LG 만의 차별화된 인공지능 이미지를 지속 구축할 계획이라고 강조했다,NA,NA,NA,NA
8931,8932,8932,8,인공지능,LG 전자 인공지능 스피커로 일정관리까지 LG 스마트홈 편리해,NA,NA,NA,NA
8932,8933,8933,8,인공지능,ㅎㅎ LG 인공지능 스피커 스마트 씽큐 허브는 음성인식기능으로,NA,NA,NA,NA
8933,8934,8934,8,인공지능,시간에 쫓기듯이 준비하는데 LG 전자 인공지능 스피커가 현재 시간과 오늘의 날씨등을,NA,NA,NA,NA
8934,8935,8935,8,인공지능,DJ 역할까지 훌륭히 해내는 LG 인공지능 스피커 스마트 씽큐 허브입니다,NA,NA,NA,NA
8935,8936,8936,8,인공지능,그리고 요즘 남편이 LG 전자 인공지능 스피커와 말하는 재미에 푹,NA,NA,NA,NA
8936,8937,8937,8,인공지능,LG 전자 인공지능 브랜드 씽큐 ( ThinQ ),NA,NA,NA,NA
8937,8938,8938,8,인공지능,최근 가전업계는 인공지능 AI 에 대한 관심이 뜨겁습니다,NA,NA,NA,NA
8938,8939,8939,8,인공지능,LG 전자는 인공지능 브랜드 씽큐 ( ThinQ ),NA,NA,NA,NA
8939,8940,8940,8,인공지능,설명드리면 앞에서 소개드린대로 LG 전자의 인공지능 ( AI ) 브랜드이며 인공지능,NA,NA,NA,NA
8940,8941,8941,8,인공지능,인공지능 ( AI ) 브랜드이며 인공지능 기능을 가진 LG 전자의 제품,NA,NA,NA,NA
8941,8942,8942,8,인공지능,공조 시스템 등 다양한 제품에 인공지능 기술을 접목하는데 목표를 두고 있습니다,NA,NA,NA,NA
8942,8943,8943,8,인공지능,단순히 자사의 인공지능 기술만 고집하는게 아니라 구글 아마존,NA,NA,NA,NA
8943,8944,8944,8,인공지능,아니라 구글 아마존 네이버 등 인공지능 서비스를 선보이고 있는 기업들과 인공지능,NA,NA,NA,NA
8944,8945,8945,8,인공지능,인공지능 서비스를 선보이고 있는 기업들과 인공지능 분야를 협력해 좀 더 소비자,NA,NA,NA,NA
8945,8946,8946,8,인공지능,좀 더 소비자 입장에서 최적의 인공지능 솔루션을 제공할 예정이라고 하네요,NA,NA,NA,NA
8946,8947,8947,8,인공지능,박람회에서 LG 전자 전시관의 주인공이 인공지능 씽큐 ( ThinQ ) 였을,NA,NA,NA,NA
8947,8948,8948,8,인공지능,매년 출시되는 가전제품에 인공지능 씽큐 ( ThinQ ) 를,NA,NA,NA,NA
8948,8949,8949,8,인공지능,직접 LG 전자가 마들어가고 있는 인공지능 생태계를 직접 체험할 수 있는,NA,NA,NA,NA
8949,8950,8950,8,인공지능,LG 전자는 작년 초 인공지능 스피커 스마트씽큐 허브 ( SmartThinQ,NA,NA,NA,NA
8950,8951,8951,8,인공지능,선보인바 있고 작년 말에는 네이버 인공지능 플랫폼 클로바까지 지원하는 LG 씽큐,NA,NA,NA,NA
8951,8952,8952,8,인공지능,뉴스 검색 팟캐스트 등 네이버 인공지능 플랫폼 클로바가 제공하는 다양한 콘텐츠도,NA,NA,NA,NA
8952,8953,8953,8,인공지능,올해 선보인 휘센 에어컨에 AI 인공지능 씽큐 기능을 적용했는데요,NA,NA,NA,NA
8953,8954,8954,8,인공지능,냉방부터 청정 제습까지 알아서 해주는 인공지능 스마트케어 LG 휘센 씽큐 에어컨에,NA,NA,NA,NA
8954,8955,8955,8,인공지능,딥러닝 학습을 통해 더욱 똑똑한 인공지능 기능 등을 지원하고 있습니다,NA,NA,NA,NA
8955,8956,8956,8,인공지능,독자 인공지능 플랫폼인 딥씽큐 ( DeepThinQ ),NA,NA,NA,NA
8956,8957,8957,8,인공지능,TV 주요 모델에 독자 개발한 인공지능 화질엔진 알파 9 을 탑재해,NA,NA,NA,NA
8957,8958,8958,8,인공지능,입력 영상을 분석해 노이즈를 제거해주는 인공지능 화질엔진 알파 9 이 적용되었습니다,NA,NA,NA,NA
8958,8959,8959,8,인공지능,알파 9 의 인공지능 화질엔진의 4 단계 노이즈 개선,NA,NA,NA,NA
8959,8960,8960,8,인공지능,인공지능 맞춤 검색부터 인공지능 TV 제어,NA,NA,NA,NA
8960,8961,8961,8,인공지능,인공지능 맞춤 검색부터 인공지능 TV 제어 인공지능 영상 /,NA,NA,NA,NA
8961,8962,8962,8,인공지능,맞춤 검색부터 인공지능 TV 제어 인공지능 영상 / 사운드 모드 조정까지,NA,NA,NA,NA
8962,8963,8963,8,인공지능,복잡한 절차를 거쳐야 했다면 LG 인공지능 TV 에서는 매직 리모컨의 마이크,NA,NA,NA,NA
8963,8964,8964,8,인공지능,씽큐 등 플래그십 스마트폰에도 LG 인공지능 ThinQ ( 씽큐 ) 가,NA,NA,NA,NA
8964,8965,8965,8,인공지능,사용자를 실질적으로 배려한다는 LG 전자 인공지능 ( AI ) 의 지향점을,NA,NA,NA,NA
8965,8966,8966,8,인공지능,탑재했으며 측면에는 좀 더 빠르게 인공지능 플랫폼을 불러올 수 있도록 구글,NA,NA,NA,NA
8966,8967,8967,8,인공지능,로봇청소기 LG 코드제로 R9 씽큐에도 인공지능 기능이 탑재되어 보다 강력한 청소,NA,NA,NA,NA
8967,8968,8968,8,인공지능,듀얼아이를 포함한 고성능 센서와 독자 인공지능 플랫폼을 탑재해 집안 구조를 스스로,NA,NA,NA,NA
8968,8969,8969,8,인공지능,최근 출시된 드럼세탁기에도 인공지능 씽큐 기능이 적용되었는데요,NA,NA,NA,NA
8969,8970,8970,8,인공지능,따라 세탁 옵션을 스스로 설정해주는 인공지능 세탁기로 출시되었습니다,NA,NA,NA,NA
8970,8971,8971,8,인공지능,간단하게 LG 전자의 AI 인공지능 브랜드 씽큐가 적용된 제품들을 소개드렸는데요,NA,NA,NA,NA
8971,8972,8972,8,인공지능,실행할 수 있는 LG 전자 인공지능 브랜드 씽큐가 적용된 제품을 선호,NA,NA,NA,NA
8972,8973,8973,8,인공지능,다양한 가전에 씽큐를 적용했었지만 앞으로 인공지능 씽큐를 탑재한 제품을 더 확대할,NA,NA,NA,NA
8973,8974,8974,8,인공지능,빠르게 인공지능 서비스가 발전하고 상용화 되는 가운데,NA,NA,NA,NA
8974,8975,8975,8,인공지능,보여주는 영화에 더 가깝지만 어쨌든 인공지능 로봇과 교감하며 살아가는 사람들의 모습이,NA,NA,NA,NA
8975,8976,8976,8,인공지능,년 화두로 떠오르고 있는 음성인식 인공지능 플랫폼을 계속 확장하고 스마트홈 시장을,NA,NA,NA,NA
8976,8977,8977,8,인공지능,글로벌 회사인 아마존의 인공지능 스피커 ' 아마존 에코 (,NA,NA,NA,NA
8979,8980,8980,8,인공지능,내용은 LG 에서 야심차게 준비한 인공지능 스피커 스마트씽큐 허브 2,NA,NA,NA,NA
8980,8981,8981,8,인공지능,( 저번에도 인공지능 스피커를 했다고 뭐라고 하시면 안됩니다,NA,NA,NA,NA
8981,8982,8982,8,인공지능,) 이 제품은 기존에 있는 인공지능 스피커와는 사뭇 다른데요,NA,NA,NA,NA
8982,8983,8983,8,인공지능,이번에 인공지능 스피커를 세번째 포스팅하고 있는데 모두,NA,NA,NA,NA
8983,8984,8984,8,인공지능,LG 인공지능 스피커 네이버 클로바 업데이트로 더,NA,NA,NA,NA
8984,8985,8985,8,인공지능,일상생활을 더 편리하게 만들어 준 인공지능 스피커 LG 씽큐 허브가 더욱더,NA,NA,NA,NA
8985,8986,8986,8,인공지능,업데이트로 더 똑똑해진 LG 인공지능 스피커를 만나 볼까요 ^ ^,NA,NA,NA,NA
8986,8987,8987,8,인공지능,ㅋㅋ 그리고 인공지능 스피커 LG 씽큐 허브는 집안의,NA,NA,NA,NA
8987,8988,8988,8,인공지능,^ 놀랄만큼 똑똑해져 우리에게로 돌아온 인공지능 스피커,NA,NA,NA,NA
8988,8989,8989,8,인공지능,즐거운 스마트홈을 실현해 주는 LG 인공지능 스피커 스마트씽큐 허브의 다양한 기능들과,NA,NA,NA,NA
8989,8990,8990,8,인공지능,있는데 기존 제품들과 달리 LG 인공지능 스피커 스마트씽큐 허브는 음성을 인식한다는,NA,NA,NA,NA
8990,8991,8991,8,인공지능,주로 듣는 편이었는데 요즘은 LG 인공지능 스피커 스마트씽큐와 대화하는 재미 때문인지,NA,NA,NA,NA
8991,8992,8992,8,인공지능,있도록 도와주는 LG 스마트씽큐 센서와 인공지능 음성인식으로 보다 편리하게 스마트홈을 실현해주는,NA,NA,NA,NA
8992,8993,8993,8,인공지능,제품이 출시되었으니 바로 LG 전자의 인공지능 ( AI ) 스피커 ',NA,NA,NA,NA
8993,8994,8994,8,인공지능,올해 봄에 설치한 LG 휘센 인공지능 스스로 에어컨을 사용하면서 직접 등록을,NA,NA,NA,NA
8994,8995,8995,8,인공지능,2017 에 전시된 음성인식 기반 인공지능 ( AI ) 플랫폼을 적용한,NA,NA,NA,NA
8995,8996,8996,8,인공지능,원년으로 삼으며 주요 생활가전 제품에 인공지능 기능을 탑재하고 선보일 예정입니다,NA,NA,NA,NA
8996,8997,8997,8,인공지능,생활가전 TV 스마트폰이 전시되어 각종 인공지능 기술이 적용된 다양한 제품들을 한눈에,NA,NA,NA,NA
8997,8998,8998,8,인공지능,LG 전자의 생활가전은 음석인식 인공지능 플랫폼을 계속 확장하며 스마트홈 시장을,NA,NA,NA,NA
8998,8999,8999,8,인공지능,구글의 어시스턴트 등 다양한 음성인식 인공지능 플랫폼과 연동이 가능한 제품들을 선보이고,NA,NA,NA,NA
8999,9000,9000,8,인공지능,연결시키며 더 많은 소비자들이 음성인식 인공지능 플랫폼을 활용한 스마트홈 경험을 할,NA,NA,NA,NA
9000,9001,9001,8,인공지능,참고로 아마존의 알렉사는 인공지능 스피커 에코에 담겨 미국 시장,NA,NA,NA,NA
9001,9002,9002,8,인공지능,스피커 에코에 담겨 미국 시장 인공지능 스피커 시장에서 점유율 70 %,NA,NA,NA,NA
9002,9003,9003,8,인공지능,생활가전 7 종에 구글 음성인식 인공지능 플랫폼,NA,NA,NA,NA
