category,nouns
음성인식,음성인식
기타 편의기능,기능
음성인식,누구
기타 편의기능,가능
기타 편의기능,가지
기타 편의기능,서비스
앱-기기 연동,연결
디자인,디자인
디자인,버튼
가격,가격
음성인식,기가지니
음악,노래
앱-기기 연동,스마트폰
음악,음악
음성인식,인공지능
음성인식,지니
정보제공,알리
음성인식,기술
정보제공,날씨
음성인식,대화
정보제공,데이트
음악,멜론
음성인식,부르
앱-기기 연동,블루투스
사운드,소리
정보제공,시간
앱-기기 연동,연동
정보제공,오늘
사운드,음질
음성인식,이름
앱-기기 연동,통하
앱-기기 연동,설정
디자인,조명
가격,구매
정보제공,뉴스
음성인식,말하
음성인식,명령어
디자인,무드등
가격,무료
디자인,박스
사운드,사운드
디자인,새롭
음성인식,씽큐
음성인식,아리아
정보제공,아침
정보제공,알람
앱-기기 연동,영상
정보제공,영어
앱-기기 연동,와이파이
음악,이용권
정보제공,정보
정보제공,제공
가격,판매
기타 편의기능,가능하다
정보제공,검색
디자인,귀엽
디자인,누르
디자인,라이언
휴대성,배터리
디자인,보이
기타 편의기능,이야기
기타 편의기능,이용
정보제공,일정
정보제공,콘텐츠
디자인,피규어
기타 편의기능,필요
가격,할인
앱-기기 연동,핸드폰
기타 편의기능,가능한
기타 편의기능,각종
기타 편의기능,간편
가격,개월
앱-기기 연동,공기청정기
정보제공,구글
정보제공,궁금한
기타 편의기능,기능들
기타 편의기능,기능들이
디자인,깔끔한
음성인식,대답
기타 편의기능,도움
앱-기기 연동,연동해
기타 편의기능,동화
사운드,들리
기타 편의기능,등등
앱-기기 연동,디바이스
기타 편의기능,라디오
디자인,라인
앱-기기 연동,리모컨
음성인식,마이크
가격,만원
앱-기기 연동,메시지
음성인식,명령
디자인,모습
음악,뮤직
정보제공,미세먼지
앱-기기 연동,배달
앱-기기 연동,보내
디자인,본체
사운드,볼륨
디자인,불빛
디자인,브라운
정보제공,설명
앱-기기 연동,셋톱박스
앱-기기 연동,쇼핑
앱-기기 연동,스마트홈
음악,스트리밍
음악,신나
정보제공,실시간
디자인,심플한
음성인식,아리
앱-기기 연동,애플
디자인,어디
디자인,어울리
앱-기기 연동,어플
디자인,어피치
가격,얼마
기타 편의기능,업그레이드
앱-기기 연동,에어컨
앱-기기 연동,연결하면
앱-기기 연동,연결할
앱-기기 연동,연결해
앱-기기 연동,연결해서
정보제공,영화
디자인,예쁘
앱-기기 연동,예약
사운드,오디오
정보제공,운세
기타 편의기능,유용
정보제공,음식
음악,음원
앱-기기 연동,인터넷
디자인,인테리어
음악,재생
가격,저렴한
기타 편의기능,제공하
기타 편의기능,조절
앱-기기 연동,주문
음악,지니뮤직
기타 편의기능,지원
음성인식,질문
앱-기기 연동,채널
사운드,최대
정보제공,추천
휴대성,충전
앱-기기 연동,카카오톡
디자인,카카오프렌즈
앱-기기 연동,카톡
디자인,캐릭터
휴대성,케이블
음성인식,클로바
음성인식,클로바가
음성인식,클로바를
기타 편의기능,타이머
기타 편의기능,탑재
기타 편의기능,탑재한
앱-기기 연동,택시
음악,틀어달라고
앱-기기 연동,팟캐스트
기타 편의기능,편리
기타 편의기능,편리한
기타 편의기능,편하
디자인,프렌즈
사운드,하만카돈
음성인식,헤이
음성인식,헤이카카오
음성인식,호출
앱-기기 연동,휴대폰
정보제공,경기
정보제공,기사
디자인,깔끔
음악,네이버뮤직
기타 편의기능,노래방기
기타 편의기능,놀랍
정보제공,답변
디자인,도라에몽
정보제공,맞추
음성인식,목소리
디자인,무드
앱-기기 연동,무선
디자인,분위기
앱-기기 연동,설정할
디자인,수유
앱-기기 연동,식자재마트
앱-기기 연동,아이폰
음성인식,알아듣
앱-기기 연동,연결하
정보제공,오전
디자인,은은한
기타 편의기능,이용해서
가격,저렴
정보제공,정확
휴대성,충전기
앱-기기 연동,컨트롤
음성인식,클로버
기타 편의기능,탑재되
앱-기기 연동,티비
가격,프리미엄
디자인,화이트
가격,환율
